Pointing,RA,DEC,Obs_time_UTC,Obs_Time_LST
MMGPS_U_0004,12:03:33.05,-70:07:08.34,2024-09-10 12:26:10,13:12:02.999880
MMGPS_U_0005,12:00:24.36,-69:18:53.53,2024-09-10 12:34:35,13:20:27.999880
MMGPS_U_0006,12:06:34.12,-68:40:10.41,2024-09-10 12:43:00,13:28:52.999880
MMGPS_U_0007,12:03:30.18,-67:52:07.24,2024-09-10 12:51:25,13:37:17.999880
MMGPS_U_0008,12:09:13.14,-67:13:01.84,2024-09-10 13:01:52,13:47:44.999880
MMGPS_U_0009,12:06:14.26,-66:25:09.35,2024-09-10 13:10:17,13:56:09.999880
MMGPS_U_0033,12:13:21.79,-70:15:36.61,2024-09-10 13:18:42,14:04:34.999880
MMGPS_U_0010,12:11:34.03,-65:45:44.54,2024-09-10 13:27:07,14:12:59.999880
MMGPS_U_0011,12:08:40.34,-64:58:01.87,2024-09-10 13:39:34,14:25:26.999880
MMGPS_U_0012,12:13:39.87,-64:18:20,2024-09-10 13:47:59,14:33:51.999880
MMGPS_U_0013,12:10:51.37,-63:30:46.38,2024-09-10 13:56:24,14:42:16.999880
MMGPS_U_0014,12:15:33.06,-62:50:49.39,2024-09-10 14:04:49,14:50:41.999880
MMGPS_U_0015,12:12:49.69,-62:03:24.14,2024-09-10 14:20:17,15:06:09.999880
MMGPS_U_0016,12:17:15.54,-61:23:13.64,2024-09-10 14:28:42,15:14:34.999880
MMGPS_U_0017,12:14:37.18,-60:35:56.16,2024-09-10 14:37:07,15:22:59.999880
MMGPS_U_0018,12:18:48.88,-59:55:33.51,2024-09-10 14:45:32,15:31:24.999880
MMGPS_U_0019,12:16:15.37,-59:08:23.26,2024-09-10 14:57:59,15:43:51.999880
MMGPS_U_0020,12:20:14.33,-58:27:49.6,2024-09-10 15:06:24,15:52:16.999880
MMGPS_U_0021,12:17:45.54,-57:40:46.1,2024-09-10 15:14:49,16:00:41.999880
MMGPS_U_0022,12:21:32.96,-57:00:02.43,2024-09-10 15:23:14,16:09:06.999880
MMGPS_U_0023,12:19:08.72,-56:13:05.25,2024-09-10 15:35:41,16:21:33.999880
MMGPS_U_0024,12:22:45.63,-55:32:12.41,2024-09-10 15:44:06,16:29:58.999880
MMGPS_U_0025,12:20:25.78,-54:45:21.17,2024-09-10 15:52:31,16:38:23.999880
MMGPS_U_0034,12:09:50.87,-69:28:00.66,2024-11-15 08:06:40,13:12:02.999210
MMGPS_U_0035,12:15:47,-68:48:06.86,2024-11-15 08:15:05,13:20:27.999210
MMGPS_U_0036,12:12:23.67,-68:00:41.44,2024-11-15 08:23:30,13:28:52.999210
MMGPS_U_0063,12:19:24.46,-69:35:16.64,2024-11-15 08:31:55,13:37:17.999210
MMGPS_U_0037,12:17:54.31,-67:20:30.31,2024-11-15 08:42:22,13:47:44.999210
MMGPS_U_0038,12:14:38.36,-66:33:14.42,2024-11-15 08:50:47,13:56:09.999210
MMGPS_U_0064,12:25:05.62,-68:54:14.48,2024-11-15 08:59:12,14:04:34.999210
MMGPS_U_0065,12:21:22.98,-68:07:30.84,2024-11-15 09:07:37,14:12:59.999210
MMGPS_U_0039,12:19:46.97,-65:52:48.2,2024-11-15 09:20:04,14:25:26.999210
MMGPS_U_0040,12:16:38.12,-65:05:40.98,2024-11-15 09:28:29,14:33:51.999210
MMGPS_U_0041,12:21:27.47,-64:25:01.48,2024-11-15 09:36:54,14:42:16.999210
MMGPS_U_0042,12:18:25.42,-63:38:02.19,2024-11-15 09:45:19,14:50:41.999210
MMGPS_U_0043,12:22:57.78,-62:57:10.9,2024-11-15 10:00:47,15:06:09.999210
MMGPS_U_0044,12:20:02.21,-62:10:18.89,2024-11-15 10:09:12,15:14:34.999210
MMGPS_U_0045,12:24:19.49,-61:29:17.07,2024-11-15 10:17:37,15:22:59.999210
MMGPS_U_0026,12:23:53.08,-54:04:19.89,2024-11-15 10:26:02,15:31:24.999210
MMGPS_U_0027,12:21:37.47,-53:17:34.24,2024-11-15 10:38:29,15:43:51.999210
MMGPS_U_0028,12:24:55.94,-52:36:25.18,2024-11-15 10:46:54,15:52:16.999210
MMGPS_U_0046,12:21:30.07,-60:42:31.76,2024-11-15 10:55:19,16:00:41.999210
MMGPS_U_0047,12:25:33.84,-60:01:20.45,2024-11-15 11:03:44,16:09:06.999210
MMGPS_U_0048,12:22:50.28,-59:14:41.35,2024-11-15 11:16:11,16:21:33.999210
MMGPS_U_0049,12:26:41.88,-58:33:21.45,2024-11-15 11:24:36,16:29:58.999210
MMGPS_U_0050,12:24:03.88,-57:46:48.11,2024-11-15 11:33:01,16:38:23.999210
MMGPS_U_0051,12:27:44.45,-57:05:20.38,2024-11-15 11:41:26,16:46:48.999210
MMGPS_U_0052,12:25:11.73,-56:18:52.41,2024-11-15 11:51:53,16:57:15.999210
MMGPS_U_0053,12:28:42.25,-55:37:17.51,2024-11-15 12:00:18,17:05:40.999210
MMGPS_U_0054,12:26:14.57,-54:50:54.57,2024-11-15 12:08:43,17:14:05.999210
MMGPS_U_0055,12:29:35.88,-54:09:13.06,2024-11-15 12:17:08,17:22:30.999210
MMGPS_U_0056,12:27:13.01,-53:22:54.84,2024-11-15 12:27:35,17:32:57.999210
MMGPS_U_0057,12:30:25.84,-52:41:07.23,2024-11-15 12:36:00,17:41:22.999210
MMGPS_U_0066,12:26:40.24,-67:26:16.11,2024-11-15 12:44:25,17:49:47.999210
MMGPS_U_0067,12:23:07.33,-66:39:40.38,2024-11-15 12:52:50,17:58:12.999210
MMGPS_U_0068,12:28:03.87,-65:58:14.68,2024-11-15 13:03:17,18:08:39.999210
MMGPS_U_0069,12:24:39.99,-65:11:46.08,2024-11-15 13:11:42,18:17:04.999210
MMGPS_U_0070,12:29:18.42,-64:30:10.73,2024-11-15 13:20:07,18:25:29.999210
MMGPS_U_0071,12:26:02.94,-63:43:48.59,2024-11-15 13:28:32,18:33:54.999210
MMGPS_U_0072,12:30:25.37,-63:02:04.66,2024-11-15 13:38:59,18:44:21.999210
MMGPS_U_0073,12:27:17.71,-62:15:48.41,2024-11-15 13:47:24,18:52:46.999210
MMGPS_U_0092,12:29:03.62,-69:40:39.48,2024-11-15 14:14:41,19:20:03.999210
MMGPS_U_0093,12:34:28.54,-68:58:31.66,2024-11-15 14:23:06,19:28:28.999210
MMGPS_U_0094,12:30:26.87,-68:12:33.8,2024-11-15 14:31:31,19:36:53.999210
MMGPS_U_0095,12:35:29.72,-67:30:17.91,2024-11-15 14:39:56,19:45:18.999210
MMGPS_U_0122,12:43:54.27,-69:00:57.28,2024-11-15 14:50:23,19:55:45.999210
MMGPS_U_0151,12:53:21.26,-69:01:30.69,2024-11-15 15:15:38,20:21:00.999210
MMGPS_U_0209,13:12:12.71,-68:57:00.77,2024-11-15 15:36:30,20:41:52.999210
MMGPS_U_0266,13:27:21.45,-69:32:33.38,2024-11-15 08:06:40,13:12:02.999230
MMGPS_U_0323,13:52:52.04,-69:52:03.01,2024-11-15 08:42:22,13:47:44.999230
MMGPS_U_0380,14:09:27.93,-70:14:13.29,2024-11-15 08:50:47,13:56:09.999230
MMGPS_U_0152,12:48:42.95,-68:17:15.86,2024-11-15 08:59:12,14:04:34.999230
MMGPS_U_0408,14:26:33.13,-70:30:47.74,2024-11-15 09:07:37,14:12:59.999230
MMGPS_U_1392,17:37:47.48,-51:41:14.11,2024-11-15 09:20:04,14:25:26.999230
MMGPS_U_0096,12:31:40.08,-66:44:25.84,2024-11-15 09:28:29,14:33:51.999230
MMGPS_U_0097,12:36:23.75,-66:02:02.89,2024-11-15 09:36:54,14:42:16.999230
MMGPS_U_0098,12:32:45.05,-65:16:15.99,2024-11-15 09:45:19,14:50:41.999230
MMGPS_U_0074,12:31:25.89,-61:33:56.8,2024-11-15 10:00:47,15:06:09.999230
MMGPS_U_0075,12:28:25.53,-60:47:45.95,2024-11-15 10:09:12,15:14:34.999230
MMGPS_U_0076,12:32:20.93,-60:05:47.42,2024-11-15 10:17:37,15:22:59.999230
MMGPS_U_0077,12:29:27.41,-59:19:41.55,2024-11-15 10:26:02,15:31:24.999230
MMGPS_U_0078,12:33:11.28,-58:37:36.74,2024-11-15 10:38:29,15:43:51.999230
MMGPS_U_0079,12:30:24.16,-57:51:35.46,2024-11-15 10:46:54,15:52:16.999230
MMGPS_U_0080,12:33:57.56,-57:09:24.92,2024-11-15 10:55:19,16:00:41.999230
MMGPS_U_0081,12:31:16.46,-56:23:27.91,2024-11-15 11:03:44,16:09:06.999230
MMGPS_U_0082,12:34:40.3,-55:41:12.12,2024-11-15 11:14:11,16:19:33.999230
MMGPS_U_0083,12:32:04.88,-54:55:19.1,2024-11-15 11:22:36,16:27:58.999230
MMGPS_U_0084,12:35:19.94,-54:12:58.46,2024-11-15 11:31:01,16:36:23.999230
MMGPS_U_0085,12:32:49.88,-53:27:09.16,2024-11-15 11:39:26,16:44:48.999230
MMGPS_U_0086,12:35:56.86,-52:44:44.05,2024-11-15 11:49:53,16:55:15.999230
MMGPS_U_0099,12:37:11.88,-64:33:46.81,2024-11-15 11:58:18,17:03:40.999230
MMGPS_U_0100,12:33:43.16,-63:48:04.58,2024-11-15 12:06:43,17:12:05.999230
MMGPS_U_0101,12:37:55.08,-63:05:29.85,2024-11-15 12:15:08,17:20:30.999230
MMGPS_U_0102,12:34:35.52,-62:19:51.85,2024-11-15 12:25:35,17:30:57.999230
MMGPS_U_0103,12:38:34.11,-61:37:12.15,2024-11-15 12:34:00,17:39:22.999230
MMGPS_U_0104,12:35:22.98,-60:51:38.01,2024-11-15 12:42:25,17:47:47.999230
MMGPS_U_0105,12:39:09.6,-60:08:53.82,2024-11-15 12:50:50,17:56:12.999230
MMGPS_U_0106,12:36:06.27,-59:23:23.21,2024-11-15 13:01:17,18:06:39.999230
MMGPS_U_0107,12:39:42.05,-58:40:34.94,2024-11-15 13:09:42,18:15:04.999230
MMGPS_U_0108,12:36:45.95,-57:55:07.6,2024-11-15 13:18:07,18:23:29.999230
MMGPS_U_0109,12:40:11.88,-57:12:15.6,2024-11-15 13:26:32,18:31:54.999230
MMGPS_U_0110,12:37:22.51,-56:26:51.27,2024-11-15 13:36:59,18:42:21.999230
MMGPS_U_0111,12:40:39.41,-55:43:55.85,2024-11-15 13:45:24,18:50:46.999230
MMGPS_U_0112,12:37:56.34,-54:58:34.32,2024-11-15 13:53:49,18:59:11.999230
MMGPS_U_0124,12:44:21.51,-67:32:34.78,2024-11-15 14:02:14,19:07:36.999230
MMGPS_U_0125,12:40:15.52,-66:47:29.76,2024-11-15 14:12:41,19:18:03.999230
MMGPS_U_0126,12:44:45.55,-66:04:12.02,2024-11-15 14:21:06,19:26:28.999230
MMGPS_U_0127,12:40:52.36,-65:19:09.84,2024-11-15 14:29:31,19:34:53.999230
MMGPS_U_0128,12:45:06.96,-64:35:49.05,2024-11-15 14:37:56,19:43:18.999230
MMGPS_U_1854,16:49:33.36,-30:05:12.83,2024-11-15 15:42:00,20:47:47.999230
MMGPS_U_1927,17:36:05.77,-34:03:58.74,2024-11-15 15:50:50,20:56:12.999230
MMGPS_U_1955,17:42:21.76,-33:22:43.91,2024-11-15 16:01:17,21:06:39.999230
MMGPS_U_2131,17:48:53.15,-28:15:16.56,2024-11-15 16:09:42,21:15:04.999230
MMGPS_U_0294,13:43:15.86,-70:03:09.77,2024-11-15 08:06:40,13:12:02.999230
MMGPS_U_0295,13:36:52.35,-69:24:32.06,2024-11-15 08:15:05,13:20:27.999230
MMGPS_U_0324,13:46:15.58,-69:14:40.53,2024-11-15 08:23:30,13:28:52.999230
MMGPS_U_0123,12:39:33.99,-68:15:49.08,2024-11-15 08:31:55,13:37:17.999230
MMGPS_U_0352,14:02:17.61,-69:39:07.11,2024-11-15 08:42:22,13:47:44.999230
MMGPS_U_0409,14:18:50.78,-69:58:10.57,2024-11-15 08:50:47,13:56:09.999230
MMGPS_U_0437,14:35:47.83,-70:11:38.46,2024-11-15 08:59:12,14:04:34.999230
MMGPS_U_0494,14:53:00.28,-70:19:22.61,2024-11-15 09:07:37,14:12:59.999230
MMGPS_U_1421,17:40:31.01,-50:58:02.83,2024-11-15 09:20:04,14:25:26.999230
MMGPS_U_0181,12:57:52.34,-68:16:53.78,2024-11-15 09:28:29,14:33:51.999230
MMGPS_U_0153,12:53:14.33,-67:33:06.17,2024-11-15 09:36:54,14:42:16.999230
MMGPS_U_0154,12:48:52.49,-66:48:51.48,2024-11-15 09:45:19,14:50:41.999230
MMGPS_U_0129,12:41:25.29,-63:50:49.42,2024-11-15 10:00:47,15:06:09.999230
MMGPS_U_0130,12:45:26.17,-63:07:25.91,2024-11-15 10:09:12,15:14:34.999230
MMGPS_U_0131,12:41:54.95,-62:22:28.58,2024-11-15 10:17:37,15:22:59.999230
MMGPS_U_0132,12:45:43.52,-61:39:02.63,2024-11-15 10:26:02,15:31:24.999230
MMGPS_U_0113,12:41:04.94,-54:15:35.74,2024-11-15 10:38:29,15:43:51.999230
MMGPS_U_0114,12:38:27.79,-53:30:16.82,2024-11-15 10:46:54,15:52:16.999230
MMGPS_U_0115,12:41:28.71,-52:47:15.32,2024-11-15 10:55:19,16:00:41.999230
MMGPS_U_0133,12:42:21.83,-60:54:07.38,2024-11-15 11:03:44,16:09:06.999230
MMGPS_U_0134,12:45:59.3,-60:10:39.22,2024-11-15 11:14:11,16:19:33.999230
MMGPS_U_0135,12:42:46.34,-59:25:45.87,2024-11-15 11:22:36,16:27:58.999230
MMGPS_U_0136,12:46:13.72,-58:42:15.7,2024-11-15 11:31:01,16:36:23.999230
MMGPS_U_0137,12:43:08.8,-57:57:24.1,2024-11-15 11:39:26,16:44:48.999230
MMGPS_U_0138,12:46:26.97,-57:13:52.09,2024-11-15 11:49:53,16:55:15.999230
MMGPS_U_0139,12:43:29.49,-56:29:02.11,2024-11-15 11:58:18,17:03:40.999230
MMGPS_U_0140,12:46:39.2,-55:45:28.4,2024-11-15 12:06:43,17:12:05.999230
MMGPS_U_0141,12:43:48.63,-55:00:39.91,2024-11-15 12:15:08,17:20:30.999230
MMGPS_U_0142,12:46:50.54,-54:17:04.64,2024-11-15 12:25:35,17:30:57.999230
MMGPS_U_0143,12:44:06.42,-53:32:17.54,2024-11-15 12:34:00,17:39:22.999230
MMGPS_U_0144,12:47:01.1,-52:48:40.81,2024-11-15 12:42:25,17:47:47.999230
MMGPS_U_0155,12:53:08.21,-66:04:41.64,2024-11-15 12:50:50,17:56:12.999230
MMGPS_U_0156,12:49:00.94,-65:20:27.07,2024-11-15 13:01:17,18:06:39.999230
MMGPS_U_0157,12:53:02.76,-64:36:17.09,2024-11-15 13:09:42,18:15:04.999230
MMGPS_U_0158,12:49:08.5,-63:52:02.64,2024-11-15 13:18:07,18:23:29.999230
MMGPS_U_0159,12:52:57.87,-63:07:52.53,2024-11-15 13:26:32,18:31:54.999230
MMGPS_U_0160,12:49:15.31,-62:23:38.18,2024-11-15 13:36:59,18:42:21.999230
MMGPS_U_0161,12:52:53.46,-61:39:27.96,2024-11-15 13:45:24,18:50:46.999230
MMGPS_U_0162,12:49:21.48,-60:55:13.71,2024-11-15 13:53:49,18:59:11.999230
MMGPS_U_0163,12:52:49.44,-60:11:03.38,2024-11-15 14:02:14,19:07:36.999230
MMGPS_U_0164,12:49:27.1,-59:26:49.21,2024-11-15 14:12:41,19:18:03.999230
MMGPS_U_0165,12:52:45.78,-58:42:38.8,2024-11-15 14:21:06,19:26:28.999230
MMGPS_U_0182,13:02:06.89,-67:31:51.97,2024-11-15 14:29:31,19:34:53.999230
MMGPS_U_0183,12:57:29.81,-66:48:30.69,2024-11-15 14:37:56,19:43:18.999230
MMGPS_U_0184,13:01:30.65,-66:03:31.63,2024-11-15 14:48:23,19:53:45.999230
MMGPS_U_0185,12:57:09.82,-65:20:07.43,2024-11-15 14:56:48,20:02:10.999230
MMGPS_U_0186,13:00:58.38,-64:35:10.82,2024-11-15 15:05:13,20:10:35.999230
MMGPS_U_0210,13:07:00.73,-68:14:42.94,2024-11-15 15:13:38,20:19:00.999230
MMGPS_U_0353,13:55:29.8,-69:03:01.38,2024-11-15 08:06:40,13:12:02.999230
MMGPS_U_0381,14:11:31.36,-69:24:25.53,2024-11-15 08:15:05,13:20:27.999230
MMGPS_U_0410,14:20:32.3,-69:08:02.01,2024-11-15 08:23:30,13:28:52.999230
MMGPS_U_0438,14:27:59.09,-69:40:25.64,2024-11-15 08:31:55,13:37:17.999230
MMGPS_U_0466,14:44:45.47,-69:50:51.95,2024-11-15 08:42:22,13:47:44.999230
MMGPS_U_0495,14:53:25.63,-69:28:33.15,2024-11-15 08:50:47,13:56:09.999230
MMGPS_U_0523,15:01:42.1,-69:55:39.1,2024-11-15 08:59:12,14:04:34.999230
MMGPS_U_0580,15:26:40.92,-69:26:55.4,2024-11-15 09:07:37,14:12:59.999230
MMGPS_U_1450,17:43:10.27,-50:14:41.82,2024-11-15 09:20:04,14:25:26.999230
MMGPS_U_1537,17:50:44.7,-48:03:46.06,2024-11-15 09:28:29,14:33:51.999230
MMGPS_U_0238,13:21:34.06,-68:51:58.64,2024-11-15 09:36:54,14:42:16.999230
MMGPS_U_0211,13:10:57.89,-67:28:52.46,2024-11-15 09:45:19,14:50:41.999230
MMGPS_U_0212,13:06:06.29,-66:46:27.47,2024-11-15 10:00:47,15:06:09.999230
MMGPS_U_0187,12:56:51.96,-63:51:44.01,2024-11-15 10:09:12,15:14:34.999230
MMGPS_U_0188,13:00:29.42,-63:06:49.62,2024-11-15 10:17:37,15:22:59.999230
MMGPS_U_0189,12:56:35.88,-62:23:20.48,2024-11-15 10:26:02,15:31:24.999230
MMGPS_U_0166,12:49:32.25,-57:58:24.71,2024-11-15 10:38:29,15:43:51.999230
MMGPS_U_0167,12:52:42.4,-57:14:14.21,2024-11-15 10:46:54,15:52:16.999230
MMGPS_U_0168,12:49:36.99,-56:30:00.19,2024-11-15 10:55:19,16:00:41.999230
MMGPS_U_0169,12:52:39.29,-55:45:49.61,2024-11-15 11:03:44,16:09:06.999230
MMGPS_U_0170,12:49:41.38,-55:01:35.66,2024-11-15 11:14:11,16:19:33.999230
MMGPS_U_0171,12:52:36.41,-54:17:25.01,2024-11-15 11:22:36,16:27:58.999230
MMGPS_U_0172,12:49:45.46,-53:33:11.12,2024-11-15 11:31:01,16:36:23.999230
MMGPS_U_0173,12:52:33.72,-52:49:00.41,2024-11-15 11:39:26,16:44:48.999230
MMGPS_U_0190,13:00:03.26,-61:38:28.08,2024-11-15 11:49:53,16:55:15.999230
MMGPS_U_0191,12:56:21.3,-60:54:56.83,2024-11-15 11:58:18,17:03:40.999230
MMGPS_U_0192,12:59:39.48,-60:10:06.26,2024-11-15 12:06:43,17:12:05.999230
MMGPS_U_0193,12:56:08.02,-59:26:33.1,2024-11-15 12:15:08,17:20:30.999230
MMGPS_U_0194,12:59:17.73,-58:41:44.19,2024-11-15 12:25:35,17:30:57.999230
MMGPS_U_0195,12:55:55.84,-57:58:09.29,2024-11-15 12:34:00,17:39:22.999230
MMGPS_U_0196,12:58:57.75,-57:13:21.92,2024-11-15 12:42:25,17:47:47.999230
MMGPS_U_0197,12:55:44.62,-56:29:45.42,2024-11-15 12:50:50,17:56:12.999230
MMGPS_U_0198,12:58:39.31,-55:44:59.46,2024-11-15 13:01:17,18:06:39.999230
MMGPS_U_0199,12:55:34.24,-55:01:21.48,2024-11-15 13:09:42,18:15:04.999230
MMGPS_U_0200,12:58:22.21,-54:16:36.84,2024-11-15 13:18:07,18:23:29.999230
MMGPS_U_0201,12:55:24.6,-53:32:57.49,2024-11-15 13:26:32,18:31:54.999230
MMGPS_U_0202,12:58:06.29,-52:48:14.08,2024-11-15 13:36:59,18:42:21.999230
MMGPS_U_0213,13:09:51.8,-66:00:42.25,2024-11-15 13:45:24,18:50:46.999230
MMGPS_U_0214,13:05:18.01,-65:18:10.97,2024-11-15 13:53:49,18:59:11.999230
MMGPS_U_0215,13:08:52.91,-64:32:30.46,2024-11-15 14:02:14,19:07:36.999230
MMGPS_U_0216,13:04:34.83,-63:49:53.6,2024-11-15 14:12:41,19:18:03.999230
MMGPS_U_0217,13:08:00.05,-63:04:17.36,2024-11-15 14:21:06,19:26:28.999230
MMGPS_U_0218,13:03:55.95,-62:21:35.51,2024-11-15 14:29:31,19:34:53.999230
MMGPS_U_0219,13:07:12.27,-61:36:03.14,2024-11-15 14:37:56,19:43:18.999230
MMGPS_U_0267,13:30:50.52,-68:45:06.67,2024-11-15 15:26:05,20:31:27.999230
MMGPS_U_0268,13:25:08.89,-68:04:57.57,2024-11-15 15:34:30,20:39:52.999230
MMGPS_U_0382,14:04:33.83,-68:49:37.61,2025-12-22 05:42:08,13:12:02.997710
MMGPS_U_0411,14:13:26.62,-68:34:32.49,2025-12-22 05:50:33,13:20:27.997710
MMGPS_U_0439,14:29:19.59,-68:50:00.5,2025-12-22 05:58:58,13:28:52.997710
MMGPS_U_0467,14:36:52.09,-69:21:02.9,2025-12-22 06:07:23,13:37:17.997710
MMGPS_U_0524,15:01:48.11,-69:04:47,2025-12-22 06:17:50,13:47:44.997710
MMGPS_U_0552,15:10:04.71,-69:30:30.01,2025-12-22 06:26:15,13:56:09.997710
MMGPS_U_0581,15:18:08.26,-69:04:00.53,2025-12-22 06:34:40,14:04:34.997710
MMGPS_U_1189,17:16:21.1,-56:38:00.6,2025-12-22 06:43:05,14:12:59.997710
MMGPS_U_1479,17:45:45.51,-49:31:11.65,2025-12-22 06:55:32,14:25:26.997710
MMGPS_U_1566,17:53:09.06,-47:19:51.66,2025-12-22 07:03:57,14:33:51.997710
MMGPS_U_1653,18:00:03.26,-45:07:27.43,2025-12-22 07:12:22,14:42:16.997710
MMGPS_U_0239,13:16:06.7,-68:10:43.87,2025-12-22 07:20:47,14:50:41.997710
MMGPS_U_0240,13:19:46.08,-67:24:08.36,2025-12-22 07:36:15,15:06:09.997710
MMGPS_U_0241,13:14:40.78,-66:42:42.27,2025-12-22 07:44:40,15:14:34.997710
MMGPS_U_0242,13:18:10.59,-65:56:14.08,2025-12-22 07:53:05,15:22:59.997710
MMGPS_U_0243,13:13:24.52,-65:14:38.07,2025-12-22 08:01:30,15:31:24.997710
MMGPS_U_0220,13:03:20.7,-60:53:16.8,2025-12-22 08:13:57,15:43:51.997710
MMGPS_U_0221,13:06:28.82,-60:07:47.97,2025-12-22 08:22:22,15:52:16.997710
MMGPS_U_0222,13:02:48.56,-59:24:57.57,2025-12-22 08:30:47,16:00:41.997710
MMGPS_U_0223,13:05:49.09,-58:39:32,2025-12-22 08:39:12,16:09:06.997710
MMGPS_U_0224,13:02:19.1,-57:56:37.89,2025-12-22 08:49:39,16:19:33.997710
MMGPS_U_0225,13:05:12.58,-57:11:15.31,2025-12-22 08:58:04,16:27:58.997710
MMGPS_U_0226,13:01:51.96,-56:28:17.81,2025-12-22 09:06:29,16:36:23.997710
MMGPS_U_0227,13:04:38.87,-55:42:58.02,2025-12-22 09:14:54,16:44:48.997710
MMGPS_U_0228,13:01:26.85,-54:59:57.39,2025-12-22 09:25:21,16:55:15.997710
MMGPS_U_0229,13:04:07.6,-54:14:40.19,2025-12-22 09:33:46,17:03:40.997710
MMGPS_U_0230,13:01:03.52,-53:31:36.67,2025-12-22 09:42:11,17:12:05.997710
MMGPS_U_0231,13:03:38.49,-52:46:21.89,2025-12-22 09:50:36,17:20:30.997710
MMGPS_U_0244,13:16:45.46,-64:28:16.51,2025-12-22 10:01:03,17:30:57.997710
MMGPS_U_0245,13:12:16.29,-63:46:31.72,2025-12-22 10:09:28,17:39:22.997710
MMGPS_U_0246,13:15:28.98,-63:00:16.17,2025-12-22 10:17:53,17:47:47.997710
MMGPS_U_0247,13:11:14.81,-62:18:23.55,2025-12-22 10:26:18,17:56:12.997710
MMGPS_U_0248,13:14:19.83,-61:32:13.5,2025-12-22 10:36:45,18:06:39.997710
MMGPS_U_0249,13:10:19.05,-60:50:13.85,2025-12-22 10:45:10,18:15:04.997710
MMGPS_U_0250,13:13:16.92,-60:04:08.85,2025-12-22 10:53:35,18:23:29.997710
MMGPS_U_0251,13:09:28.2,-59:22:02.83,2025-12-22 11:02:00,18:31:54.997710
MMGPS_U_0252,13:12:19.37,-58:36:02.48,2025-12-22 11:12:27,18:42:21.997710
MMGPS_U_0253,13:08:41.57,-57:53:50.67,2025-12-22 11:20:52,18:50:46.997710
MMGPS_U_0254,13:11:26.46,-57:07:54.64,2025-12-22 11:29:17,18:59:11.997710
MMGPS_U_0255,13:07:58.61,-56:25:37.53,2025-12-22 11:37:42,19:07:36.997710
MMGPS_U_0256,13:10:37.59,-55:39:45.51,2025-12-22 11:48:09,19:18:03.997710
MMGPS_U_0257,13:07:18.85,-54:57:23.53,2025-12-22 11:56:34,19:26:28.997710
MMGPS_U_0269,13:28:30.22,-67:17:40.74,2025-12-22 12:04:59,19:34:53.997710
MMGPS_U_0270,13:23:12.13,-66:37:15.91,2025-12-22 12:13:24,19:43:18.997710
MMGPS_U_0271,13:26:26.01,-65:50:08.04,2025-12-22 12:23:51,19:53:45.997710
MMGPS_U_0272,13:21:28.4,-65:09:29.44,2025-12-22 12:32:16,20:02:10.997710
MMGPS_U_0273,13:24:35.15,-64:22:29.73,2025-12-22 12:40:41,20:10:35.997710
MMGPS_U_0274,13:19:55.51,-63:41:38.97,2025-12-22 12:49:06,20:19:00.997710
MMGPS_U_0296,13:40:00.68,-68:36:26.63,2025-12-22 13:01:33,20:31:27.997710
MMGPS_U_0297,13:34:05.99,-67:57:25.45,2025-12-22 13:09:58,20:39:52.997710
MMGPS_U_0440,14:22:07.31,-68:17:49.56,2025-12-22 05:42:08,13:12:02.997710
MMGPS_U_0468,14:37:52.6,-68:30:25.14,2025-12-22 05:50:33,13:20:27.997710
MMGPS_U_0496,14:45:29.26,-69:00:06.88,2025-12-22 05:58:58,13:28:52.997710
MMGPS_U_0525,14:53:50.22,-68:37:42.19,2025-12-22 06:07:23,13:37:17.997710
MMGPS_U_0553,15:09:52.86,-68:39:38.41,2025-12-22 06:17:50,13:47:44.997710
MMGPS_U_0609,15:34:21.84,-68:57:51.52,2025-12-22 06:26:15,13:56:09.997710
MMGPS_U_0638,15:41:43.43,-68:27:39.86,2025-12-22 06:34:40,14:04:34.997710
MMGPS_U_1218,17:19:42.16,-55:56:18.14,2025-12-22 06:43:05,14:12:59.997710
MMGPS_U_1480,17:40:32.27,-49:30:41.05,2025-12-22 06:55:32,14:25:26.997710
MMGPS_U_1595,17:55:30.16,-46:35:50.13,2025-12-22 07:03:57,14:33:51.997710
MMGPS_U_1682,18:02:15.58,-44:23:07.05,2025-12-22 07:12:22,14:42:16.997710
MMGPS_U_1798,18:10:39.8,-41:24:53.56,2025-12-22 07:20:47,14:50:41.997710
MMGPS_U_0325,13:49:03.26,-68:26:00.71,2025-12-22 07:36:15,15:06:09.997710
MMGPS_U_0298,13:37:09.15,-67:09:31.09,2025-12-22 07:44:40,15:14:34.997710
MMGPS_U_0299,13:31:39.25,-66:30:09.58,2025-12-22 07:53:05,15:22:59.997710
MMGPS_U_0300,13:34:37.06,-65:42:25.36,2025-12-22 08:01:30,15:31:24.997710
MMGPS_U_0275,13:22:55.49,-62:54:46.72,2025-12-22 08:13:57,15:43:51.997710
MMGPS_U_0276,13:18:31.76,-62:13:45.12,2025-12-22 08:22:22,15:52:16.997710
MMGPS_U_0277,13:21:25.31,-61:26:59.74,2025-12-22 08:30:47,16:00:41.997710
MMGPS_U_0258,13:09:52.26,-54:11:35.25,2025-12-22 08:39:12,16:09:06.997710
MMGPS_U_0259,13:06:41.89,-53:29:08.78,2025-12-22 08:49:39,16:19:33.997710
MMGPS_U_0260,13:09:10.04,-52:43:24.01,2025-12-22 08:58:04,16:27:58.997710
MMGPS_U_0278,13:17:15.77,-60:45:48.41,2025-12-22 09:06:29,16:36:23.997710
MMGPS_U_0279,13:20:03.21,-59:59:09.36,2025-12-22 09:14:54,16:44:48.997710
MMGPS_U_0280,13:16:06.42,-59:17:49.25,2025-12-22 09:25:21,16:55:15.997710
MMGPS_U_0281,13:18:48.08,-58:31:16.08,2025-12-22 09:33:46,17:03:40.997710
MMGPS_U_0282,13:15:02.81,-57:49:47.97,2025-12-22 09:42:11,17:12:05.997710
MMGPS_U_0283,13:17:38.97,-57:03:20.27,2025-12-22 09:50:36,17:20:30.997710
MMGPS_U_0284,13:14:04.17,-56:21:44.87,2025-12-22 10:01:03,17:30:57.997710
MMGPS_U_0285,13:16:35.1,-55:35:22.26,2025-12-22 10:09:28,17:39:22.997710
MMGPS_U_0286,13:13:09.89,-54:53:40.16,2025-12-22 10:17:53,17:47:47.997710
MMGPS_U_0287,13:15:35.85,-54:07:22.32,2025-12-22 10:26:18,17:56:12.997710
MMGPS_U_0288,13:12:19.42,-53:25:34.04,2025-12-22 10:36:45,18:06:39.997710
MMGPS_U_0289,13:14:40.64,-52:39:20.7,2025-12-22 10:45:10,18:15:04.997710
MMGPS_U_0301,13:29:28.72,-65:02:46.06,2025-12-22 10:53:35,18:23:29.997710
MMGPS_U_0302,13:32:21.16,-64:15:11.18,2025-12-22 11:02:00,18:31:54.997710
MMGPS_U_0303,13:27:31.71,-63:35:16.18,2025-12-22 11:12:27,18:42:21.997710
MMGPS_U_0304,13:30:18.86,-62:47:49.9,2025-12-22 11:20:52,18:50:46.997710
MMGPS_U_0305,13:25:46.13,-62:07:40.92,2025-12-22 11:29:17,18:59:11.997710
MMGPS_U_0306,13:28:28.08,-61:20:22.62,2025-12-22 11:37:42,19:07:36.997710
MMGPS_U_0307,13:24:10.25,-60:40:01.11,2025-12-22 11:48:09,19:18:03.997710
MMGPS_U_0308,13:26:47.17,-59:52:50.2,2025-12-22 11:56:34,19:26:28.997710
MMGPS_U_0309,13:22:42.71,-59:12:17.38,2025-12-22 12:04:59,19:34:53.997710
MMGPS_U_0310,13:25:14.75,-58:25:13.37,2025-12-22 12:13:24,19:43:18.997710
MMGPS_U_0311,13:21:22.35,-57:44:30.27,2025-12-22 12:23:51,19:53:45.997710
MMGPS_U_0326,13:42:56.77,-67:48:09.31,2025-12-22 12:32:16,20:02:10.997710
MMGPS_U_0327,13:45:41.78,-66:59:41.21,2025-12-22 12:40:41,20:10:35.997710
MMGPS_U_0328,13:40:01.1,-66:21:24.77,2025-12-22 12:49:06,20:19:00.997710
MMGPS_U_0329,13:42:42.83,-65:33:07.57,2025-12-22 13:01:33,20:31:27.997710
MMGPS_U_0330,13:37:24.6,-64:54:29.21,2025-12-22 13:09:58,20:39:52.997710
MMGPS_U_0469,14:30:35.18,-67:59:32.57,2025-12-22 05:42:08,13:12:02.997710
MMGPS_U_0497,14:46:10.86,-68:09:20.17,2025-12-22 05:50:33,13:20:27.997710
MMGPS_U_0526,14:54:14.05,-67:46:49.85,2025-12-22 05:58:58,13:28:52.997710
MMGPS_U_0554,15:01:54.81,-68:13:53.42,2025-12-22 06:07:23,13:37:17.997710
MMGPS_U_0582,15:17:40.01,-68:13:12.17,2025-12-22 06:17:50,13:47:44.997710
MMGPS_U_0610,15:25:53.03,-68:36:15.65,2025-12-22 06:26:15,13:56:09.997710
MMGPS_U_0667,15:48:46.37,-67:56:25.09,2025-12-22 06:34:40,14:04:34.997710
MMGPS_U_1247,17:22:56.9,-55:14:20.4,2025-12-22 06:43:05,14:12:59.997710
MMGPS_U_1508,17:48:16.91,-48:47:32.89,2025-12-22 06:55:32,14:25:26.997710
MMGPS_U_1624,17:57:48.17,-45:51:41.92,2025-12-22 07:03:57,14:33:51.997710
MMGPS_U_1711,18:04:25.26,-43:38:41.14,2025-12-22 07:12:22,14:42:16.997710
MMGPS_U_1827,18:12:40.22,-40:40:08.79,2025-12-22 07:20:47,14:50:41.997710
MMGPS_U_2030,18:25:51.75,-35:25:17.7,2025-12-22 07:36:15,15:06:09.997710
MMGPS_U_0354,13:57:57.1,-68:13:51.44,2025-12-22 07:44:40,15:14:34.997710
MMGPS_U_0355,13:51:40.1,-67:37:11.32,2025-12-22 07:53:05,15:22:59.997710
MMGPS_U_0356,13:54:07.12,-66:48:13.26,2025-12-22 08:01:30,15:31:24.997710
MMGPS_U_0357,13:48:16.72,-66:11:03.31,2025-12-22 08:11:57,15:41:51.997710
MMGPS_U_0331,13:40:02.69,-64:06:22.15,2025-12-22 08:20:22,15:50:16.997710
MMGPS_U_0498,14:38:49.69,-67:39:45.37,2025-12-22 08:28:47,15:58:41.997710
MMGPS_U_0527,14:46:50.42,-67:18:31.93,2025-12-22 08:37:12,16:07:06.997710
MMGPS_U_0312,13:23:49.69,-56:57:32.71,2025-12-22 08:49:39,16:19:33.997710
MMGPS_U_0313,13:20:08.25,-56:16:40.24,2025-12-22 08:58:04,16:27:58.997710
MMGPS_U_0314,13:22:31.05,-55:29:48.72,2025-12-22 09:06:29,16:36:23.997710
MMGPS_U_0315,13:18:59.62,-54:48:47.64,2025-12-22 09:14:54,16:44:48.997710
MMGPS_U_0316,13:21:18.04,-54:02:01.8,2025-12-22 09:25:21,16:55:15.997710
MMGPS_U_0317,13:17:55.79,-53:20:52.8,2025-12-22 09:33:46,17:03:40.997710
MMGPS_U_0318,13:20:10.01,-52:34:12.31,2025-12-22 09:42:11,17:12:05.997710
MMGPS_U_0332,13:35:04.15,-63:27:24.45,2025-12-22 09:50:36,17:20:30.997710
MMGPS_U_0333,13:37:38.39,-62:39:26.83,2025-12-22 10:01:03,17:30:57.997710
MMGPS_U_0334,13:32:57.26,-62:00:11.91,2025-12-22 10:09:28,17:39:22.997710
MMGPS_U_0335,13:35:27.56,-61:12:23.11,2025-12-22 10:17:53,17:47:47.997710
MMGPS_U_0336,13:31:01.95,-60:32:52.75,2025-12-22 10:26:18,17:56:12.997710
MMGPS_U_0337,13:33:28.27,-59:45:12.19,2025-12-22 10:36:45,18:06:39.997710
MMGPS_U_0338,13:29:16.57,-59:05:27.92,2025-12-22 10:45:10,18:15:04.997710
MMGPS_U_0339,13:31:38.93,-58:17:55.09,2025-12-22 10:53:35,18:23:29.997710
MMGPS_U_0340,13:27:39.78,-57:37:58.19,2025-12-22 11:02:00,18:31:54.997710
MMGPS_U_0341,13:29:58.22,-56:50:32.62,2025-12-22 11:12:27,18:42:21.997710
MMGPS_U_0342,13:26:10.47,-56:10:24.19,2025-12-22 11:20:52,18:50:46.997710
MMGPS_U_0343,13:28:25.07,-55:23:05.46,2025-12-22 11:29:17,18:59:11.997710
MMGPS_U_0344,13:24:47.7,-54:42:46.46,2025-12-22 11:37:42,19:07:36.997710
MMGPS_U_0345,13:26:58.54,-53:55:34.19,2025-12-22 11:48:09,19:18:03.997710
MMGPS_U_0346,13:23:30.69,-53:15:05.46,2025-12-22 11:56:34,19:26:28.997710
MMGPS_U_0347,13:25:37.86,-52:27:59.3,2025-12-22 12:04:59,19:34:53.997710
MMGPS_U_0358,13:50:42.47,-65:22:16.48,2025-12-22 12:13:24,19:43:18.997710
MMGPS_U_0359,13:45:15.21,-64:44:40.43,2025-12-22 12:23:51,19:53:45.997710
MMGPS_U_0360,13:47:39.01,-63:56:04.19,2025-12-22 12:32:16,20:02:10.997710
MMGPS_U_0361,13:42:32.09,-63:18:05.08,2025-12-22 12:40:41,20:10:35.997710
MMGPS_U_0362,13:44:53.47,-62:29:38.83,2025-12-22 12:49:06,20:19:00.997710
MMGPS_U_0363,13:40:04.55,-61:51:19.2,2025-12-22 13:01:33,20:31:27.997710
MMGPS_U_0383,14:06:41.15,-68:00:01.71,2025-12-22 13:09:58,20:39:52.997710
MMGPS_U_0555,15:02:02.04,-67:22:58.47,2025-12-22 05:42:08,13:12:02.997710
MMGPS_U_0583,15:09:42.98,-67:48:45.1,2025-12-22 05:50:33,13:20:27.997710
MMGPS_U_0584,15:09:34.78,-66:57:50.25,2025-12-22 05:58:58,13:28:52.997710
MMGPS_U_0611,15:25:09.78,-67:45:32.92,2025-12-22 06:07:23,13:37:17.997710
MMGPS_U_0639,15:33:19.42,-68:07:20.2,2025-12-22 06:17:50,13:47:44.997710
MMGPS_U_0668,15:40:27.93,-67:37:18.79,2025-12-22 06:26:15,13:56:09.997710
MMGPS_U_0696,15:55:31.37,-67:24:11.62,2025-12-22 06:34:40,14:04:34.997710
MMGPS_U_1276,17:26:05.68,-54:32:08.35,2025-12-22 06:43:05,14:12:59.997710
MMGPS_U_1509,17:43:08.22,-48:47:20.06,2025-12-22 06:55:32,14:25:26.997710
MMGPS_U_1625,17:52:56.14,-45:52:31.55,2025-12-22 07:03:57,14:33:51.997710
MMGPS_U_1740,18:06:32.44,-42:54:10.04,2025-12-22 07:12:22,14:42:16.997710
MMGPS_U_1856,18:14:38.6,-39:55:20.02,2025-12-22 07:20:47,14:50:41.997710
MMGPS_U_2059,18:27:38.55,-34:40:07.78,2025-12-22 07:36:15,15:06:09.997710
MMGPS_U_2146,18:32:51.26,-32:24:25.68,2025-12-22 07:44:40,15:14:34.997710
MMGPS_U_0384,14:00:14.96,-67:24:33.96,2025-12-22 07:53:05,15:22:59.997710
MMGPS_U_0412,14:15:14.51,-67:44:34.64,2025-12-22 08:01:30,15:31:24.997710
MMGPS_U_0385,14:02:24.27,-66:35:09.63,2025-12-22 08:11:57,15:41:51.997710
MMGPS_U_0386,13:56:25.22,-65:59:07.3,2025-12-22 08:20:22,15:50:16.997710
MMGPS_U_0470,14:31:46.31,-67:09:02.08,2025-12-22 08:28:47,15:58:41.997710
MMGPS_U_0471,14:25:00.24,-66:37:14.38,2025-12-22 08:37:12,16:07:06.997710
MMGPS_U_0364,13:42:23.19,-61:03:02.34,2025-12-22 08:49:39,16:19:33.997710
MMGPS_U_0365,13:37:50.32,-60:24:24.33,2025-12-22 08:58:04,16:27:58.997710
MMGPS_U_0366,13:40:06.02,-59:36:16.34,2025-12-22 09:06:29,16:36:23.997710
MMGPS_U_0367,13:35:47.53,-58:57:21.74,2025-12-22 09:14:54,16:44:48.997710
MMGPS_U_0368,13:38:00.18,-58:09:22.11,2025-12-22 09:25:21,16:55:15.997710
MMGPS_U_0369,13:33:54.67,-57:30:12.47,2025-12-22 09:33:46,17:03:40.997710
MMGPS_U_0370,13:36:04.2,-56:42:20.75,2025-12-22 09:42:11,17:12:05.997710
MMGPS_U_0371,13:32:10.46,-56:02:57.38,2025-12-22 09:50:36,17:20:30.997710
MMGPS_U_0372,13:34:16.82,-55:15:13.16,2025-12-22 10:01:03,17:30:57.997710
MMGPS_U_0373,13:30:33.82,-54:35:37.21,2025-12-22 10:09:28,17:39:22.997710
MMGPS_U_0374,13:32:37.03,-53:48:00.09,2025-12-22 10:17:53,17:47:47.997710
MMGPS_U_0375,13:29:03.85,-53:08:12.56,2025-12-22 10:26:18,17:56:12.997710
MMGPS_U_0376,13:31:03.92,-52:20:42.19,2025-12-22 10:36:45,18:06:39.997710
MMGPS_U_0387,13:58:35.17,-65:09:54.14,2025-12-22 10:45:10,18:15:04.997710
MMGPS_U_0388,13:52:59.8,-64:33:21.5,2025-12-22 10:53:35,18:23:29.997710
MMGPS_U_0389,13:55:09.42,-63:44:19.05,2025-12-22 11:02:00,18:31:54.997710
MMGPS_U_0390,13:49:54.89,-63:07:19.62,2025-12-22 11:12:27,18:42:21.997710
MMGPS_U_0391,13:52:03.47,-62:18:27.4,2025-12-22 11:20:52,18:50:46.997710
MMGPS_U_0392,13:47:07.41,-61:41:04.12,2025-12-22 11:29:17,18:59:11.997710
MMGPS_U_0393,13:49:14.44,-60:52:21.64,2025-12-22 11:37:42,19:07:36.997710
MMGPS_U_0394,13:44:34.84,-60:14:36.98,2025-12-22 11:48:09,19:18:03.997710
MMGPS_U_0395,13:46:39.97,-59:26:03.77,2025-12-22 11:56:34,19:26:28.997710
MMGPS_U_0396,13:42:15.15,-58:47:59.83,2025-12-22 12:04:59,19:34:53.997710
MMGPS_U_0397,13:44:18.11,-57:59:35.44,2025-12-22 12:13:24,19:43:18.997710
MMGPS_U_0398,13:40:06.63,-57:21:13.99,2025-12-22 12:23:51,19:53:45.997710
MMGPS_U_0399,13:42:07.24,-56:32:58,2025-12-22 12:32:16,20:02:10.997710
MMGPS_U_0413,14:08:40.44,-67:10:19.99,2025-12-22 12:40:41,20:10:35.997710
MMGPS_U_0414,14:10:32.44,-66:20:32.99,2025-12-22 12:49:06,20:19:00.997710
MMGPS_U_0415,14:04:25.81,-65:45:39.06,2025-12-22 13:01:33,20:31:27.997710
MMGPS_U_0416,14:06:20.26,-64:56:02.81,2025-12-22 13:09:58,20:39:52.997710
MMGPS_U_0556,14:54:37.12,-66:55:56.23,2025-12-22 05:42:08,13:12:02.997710
MMGPS_U_0612,15:17:14.84,-67:22:21.7,2025-12-22 05:50:33,13:20:27.997710
MMGPS_U_0613,15:16:52.36,-66:31:29.33,2025-12-22 05:58:58,13:28:52.997710
MMGPS_U_0640,15:32:22.54,-67:16:45.15,2025-12-22 06:07:23,13:37:17.997710
MMGPS_U_0669,15:39:18.72,-66:46:53.15,2025-12-22 06:17:50,13:47:44.997710
MMGPS_U_0697,15:47:19.14,-67:06:15.77,2025-12-22 06:26:15,13:56:09.997710
MMGPS_U_0725,16:01:59.18,-66:51:03.58,2025-12-22 06:34:40,14:04:34.997710
MMGPS_U_1305,17:29:08.83,-53:49:42.88,2025-12-22 06:43:05,14:12:59.997710
MMGPS_U_1538,17:45:40.39,-48:03:50.1,2025-12-22 06:55:32,14:25:26.997710
MMGPS_U_1654,17:55:15.04,-45:08:30.71,2025-12-22 07:03:57,14:33:51.997710
MMGPS_U_1741,18:01:54.88,-42:55:50.06,2025-12-22 07:12:22,14:42:16.997710
MMGPS_U_1857,18:10:13.62,-39:57:40.23,2025-12-22 07:20:47,14:50:41.997710
MMGPS_U_2088,18:29:24.03,-33:54:55.69,2025-12-22 07:36:15,15:06:09.997710
MMGPS_U_2175,18:34:33.15,-31:39:08.12,2025-12-22 07:44:40,15:14:34.997710
MMGPS_U_2233,18:37:53.79,-30:08:28.73,2025-12-22 07:53:05,15:22:59.997710
MMGPS_U_2349,18:44:24.09,-27:06:57.17,2025-12-22 08:01:30,15:31:24.997710
MMGPS_U_0441,14:23:36.44,-67:27:33.59,2025-12-22 08:11:57,15:41:51.997710
MMGPS_U_0442,14:16:55.75,-66:54:32.4,2025-12-22 08:20:22,15:50:16.997710
MMGPS_U_0443,14:18:30.93,-66:04:26.18,2025-12-22 08:28:47,15:58:41.997710
MMGPS_U_0444,14:12:17.8,-65:30:41.16,2025-12-22 08:37:12,16:07:06.997710
MMGPS_U_0417,14:00:37.67,-64:20:34.41,2025-12-22 08:49:39,16:19:33.997710
MMGPS_U_0418,14:02:33.32,-63:31:08.68,2025-12-22 08:58:04,16:27:58.997710
MMGPS_U_0400,13:38:07.86,-55:54:20.59,2025-12-22 09:06:29,16:36:23.997710
MMGPS_U_0401,13:40:05.99,-55:06:12.59,2025-12-22 09:14:54,16:44:48.997710
MMGPS_U_0402,13:36:17.65,-54:27:20.57,2025-12-22 09:25:21,16:55:15.997710
MMGPS_U_0403,13:38:13.22,-53:39:20.2,2025-12-22 09:33:46,17:03:40.997710
MMGPS_U_0404,13:34:34.98,-53:00:14.7,2025-12-22 09:42:11,17:12:05.997710
MMGPS_U_0405,13:36:27.94,-52:12:21.61,2025-12-22 09:50:36,17:20:30.997710
MMGPS_U_0419,13:57:11.93,-62:55:09.78,2025-12-22 10:01:03,17:30:57.997710
MMGPS_U_0420,13:59:07.87,-62:05:54.24,2025-12-22 10:09:28,17:39:22.997710
MMGPS_U_0421,13:54:05.29,-61:29:28.16,2025-12-22 10:17:53,17:47:47.997710
MMGPS_U_0422,13:56:00.83,-60:40:22.47,2025-12-22 10:26:18,17:56:12.997710
MMGPS_U_0423,13:51:15.05,-60:03:32.01,2025-12-22 10:36:45,18:06:39.997710
MMGPS_U_0424,13:53:09.67,-59:14:35.78,2025-12-22 10:45:10,18:15:04.997710
MMGPS_U_0425,13:48:39,-58:37:23.32,2025-12-22 10:53:35,18:23:29.997710
MMGPS_U_0426,13:50:32.32,-57:48:36.19,2025-12-22 11:02:00,18:31:54.997710
MMGPS_U_0427,13:46:15.28,-57:11:03.76,2025-12-22 11:12:27,18:42:21.997710
MMGPS_U_0428,13:48:07,-56:22:25.35,2025-12-22 11:20:52,18:50:46.997710
MMGPS_U_0429,13:44:02.34,-55:44:34.7,2025-12-22 11:29:17,18:59:11.997710
MMGPS_U_0430,13:45:52.26,-54:56:04.65,2025-12-22 11:37:42,19:07:36.997710
MMGPS_U_0431,13:41:58.89,-54:17:57.32,2025-12-22 11:48:09,19:18:03.997710
MMGPS_U_0432,13:43:46.83,-53:29:35.29,2025-12-22 11:56:34,19:26:28.997710
MMGPS_U_0433,13:40:03.8,-52:51:12.59,2025-12-22 12:04:59,19:34:53.997710
MMGPS_U_0434,13:41:49.66,-52:02:58.27,2025-12-22 12:13:24,19:43:18.997710
MMGPS_U_0445,14:13:57.1,-64:40:44.94,2025-12-22 12:23:51,19:53:45.997710
MMGPS_U_0446,14:08:08.19,-64:06:21.36,2025-12-22 12:32:16,20:02:10.997710
MMGPS_U_0447,14:09:50.14,-63:16:35.17,2025-12-22 12:40:41,20:10:35.997710
MMGPS_U_0448,14:04:22.65,-62:41:37.44,2025-12-22 12:49:06,20:19:00.997710
MMGPS_U_0449,14:06:06.15,-61:52:01.17,2025-12-22 13:01:33,20:31:27.997710
MMGPS_U_0450,14:00:57.71,-61:16:32.96,2025-12-22 13:09:58,20:39:52.997710
MMGPS_U_0499,14:39:43.64,-66:49:03.74,2026-03-30 23:12:53,13:12:02.996300
MMGPS_U_0528,14:47:28.1,-66:27:42.29,2026-03-30 23:21:18,13:20:27.996300
MMGPS_U_0585,15:02:09.65,-66:32:02.28,2026-03-30 23:29:43,13:28:52.996300
MMGPS_U_0641,15:24:30.59,-66:54:47.53,2026-03-30 23:38:08,13:37:17.996300
MMGPS_U_0670,15:31:30.55,-66:26:06.77,2026-03-30 23:50:35,13:49:44.996300
MMGPS_U_0698,15:45:58.81,-66:16:00.98,2026-03-30 23:59:00,13:58:09.996300
MMGPS_U_0726,15:53:53.68,-66:34:15.27,2026-03-31 00:07:25,14:06:34.996300
MMGPS_U_0754,16:08:10.6,-66:17:04.84,2026-03-31 00:15:50,14:14:59.996300
MMGPS_U_1073,17:01:45.98,-59:21:55.36,2026-03-31 00:26:17,14:25:26.996300
MMGPS_U_1334,17:32:06.65,-53:07:04.83,2026-03-31 00:34:42,14:33:51.996300
MMGPS_U_1539,17:43:08.74,-47:19:49.55,2026-03-31 00:43:07,14:42:16.996300
MMGPS_U_1655,17:52:46.19,-44:25:02.1,2026-03-31 00:51:32,14:50:41.996300
MMGPS_U_1885,18:16:35.07,-39:10:27.54,2026-03-31 01:09:00,15:08:09.996300
MMGPS_U_1943,18:20:22.6,-37:40:32.4,2026-03-31 01:17:25,15:16:34.996300
MMGPS_U_2117,18:31:08.24,-33:09:41.59,2026-03-31 01:25:50,15:24:59.996300
MMGPS_U_2204,18:36:13.97,-30:53:49.09,2026-03-31 01:34:15,15:33:24.996300
MMGPS_U_2291,18:41:10.62,-28:37:44.69,2026-03-31 01:44:42,15:43:51.996300
MMGPS_U_2378,18:45:59.68,-26:21:32.47,2026-03-31 01:53:07,15:52:16.996300
MMGPS_U_2465,18:50:42.48,-24:05:16.2,2026-03-31 02:01:32,16:00:41.996300
MMGPS_U_2552,18:55:20.23,-21:48:59.38,2026-03-31 02:09:57,16:09:06.996300
MMGPS_U_0473,14:20:00.58,-65:14:16.31,2026-03-31 02:30:49,16:29:58.996300
MMGPS_U_0451,14:02:41.9,-60:27:06.42,2026-03-31 02:39:14,16:38:23.996300
MMGPS_U_0452,13:57:50.51,-59:51:10.84,2026-03-31 02:47:39,16:46:48.996300
MMGPS_U_0453,13:59:34.74,-59:01:53.77,2026-03-31 02:58:06,16:57:15.996300
MMGPS_U_0454,13:54:58.69,-58:25:33.49,2026-03-31 03:06:31,17:05:40.996300
MMGPS_U_0455,13:56:42.45,-57:36:25.6,2026-03-31 03:14:56,17:14:05.996300
MMGPS_U_0456,13:52:20.27,-56:59:42.88,2026-03-31 03:23:21,17:22:30.996300
MMGPS_U_0457,13:54:03.17,-56:10:43.9,2026-03-31 03:33:48,17:32:57.996300
MMGPS_U_0458,13:49:53.59,-55:33:40.7,2026-03-31 03:42:13,17:41:22.996300
MMGPS_U_0459,13:51:35.33,-54:44:50.31,2026-03-31 03:50:38,17:49:47.996300
MMGPS_U_0460,13:47:37.26,-54:07:28.35,2026-03-31 03:59:03,17:58:12.996300
MMGPS_U_0461,13:49:17.61,-53:18:46.25,2026-03-31 04:09:30,18:08:39.996300
MMGPS_U_0462,13:45:30.07,-52:41:07.01,2026-03-31 04:17:55,18:17:04.996300
MMGPS_U_0463,13:47:08.84,-51:52:32.93,2026-03-31 04:26:20,18:25:29.996300
MMGPS_U_0474,14:21:25.16,-64:24:03.13,2026-03-31 04:34:45,18:33:54.996300
MMGPS_U_0475,14:15:30.82,-63:50:44.7,2026-03-31 04:45:12,18:44:21.996300
MMGPS_U_0476,14:16:59.41,-63:00:40.8,2026-03-31 04:53:37,18:52:46.996300
MMGPS_U_0477,14:11:26.57,-62:26:44.65,2026-03-31 05:02:02,19:01:11.996300
MMGPS_U_0478,14:12:57.88,-61:36:50.17,2026-03-31 05:10:27,19:09:36.996300
MMGPS_U_0479,14:07:44.22,-61:02:20.3,2026-03-31 05:20:54,19:20:03.996300
MMGPS_U_0480,14:09:17.26,-60:12:35.21,2026-03-31 05:29:19,19:28:28.996300
MMGPS_U_0481,14:04:20.81,-59:37:35.05,2026-03-31 05:37:44,19:36:53.996300
MMGPS_U_0482,14:05:54.79,-58:47:59.25,2026-03-31 05:46:09,19:45:18.996300
MMGPS_U_0614,15:09:27.99,-66:06:53.99,2026-03-30 23:42:48,13:42:02.996240
MMGPS_U_0642,15:23:54.96,-66:03:59.75,2026-03-30 23:51:13,13:50:27.996240
MMGPS_U_0699,15:38:15.08,-65:56:23.42,2026-03-30 23:59:38,13:58:52.996240
MMGPS_U_0727,15:52:23.37,-65:44:12.53,2026-03-31 00:08:03,14:07:17.996240
MMGPS_U_0755,16:00:12.2,-66:01:21.18,2026-03-31 00:18:30,14:17:44.996240
MMGPS_U_0783,16:14:06.4,-65:42:18.98,2026-03-31 00:26:55,14:26:09.996240
MMGPS_U_1102,17:05:36.25,-58:41:25.36,2026-03-31 00:35:20,14:34:34.996240
MMGPS_U_1363,17:34:59.44,-52:24:15,2026-03-31 00:43:45,14:42:59.996240
MMGPS_U_1683,17:57:31.03,-44:24:23.26,2026-03-31 01:01:13,15:00:27.996240
MMGPS_U_1769,18:08:37.24,-42:09:34.08,2026-03-31 01:09:38,15:08:52.996240
MMGPS_U_1886,18:12:12.96,-39:12:56.37,2026-03-31 01:18:03,15:17:17.996240
MMGPS_U_1972,18:22:13.85,-36:55:30.22,2026-03-31 01:26:28,15:25:42.996240
MMGPS_U_2147,18:28:50.84,-32:27:50.47,2026-03-31 01:36:55,15:36:09.996240
MMGPS_U_2234,18:33:59.14,-30:12:04.63,2026-03-31 01:45:20,15:44:34.996240
MMGPS_U_2320,18:42:47.75,-27:52:21.29,2026-03-31 01:53:45,15:52:59.996240
MMGPS_U_2407,18:47:34.58,-25:36:07.32,2026-03-31 02:02:10,16:01:24.996240
MMGPS_U_2494,18:52:15.57,-23:19:50.49,2026-03-31 02:12:37,16:11:51.996240
MMGPS_U_2581,18:56:51.88,-21:03:34.23,2026-03-31 02:21:02,16:20:16.996240
MMGPS_U_0529,14:40:34.72,-65:58:20.41,2026-03-31 02:29:27,16:28:41.996240
MMGPS_U_0502,14:27:33.64,-64:56:27.39,2026-03-31 02:37:52,16:37:06.996240
MMGPS_U_0503,14:28:44.01,-64:06:00.09,2026-03-31 02:50:19,16:49:33.996240
MMGPS_U_0487,13:55:41.31,-55:21:39.67,2026-03-31 02:58:44,16:57:58.996240
MMGPS_U_0488,13:57:14.95,-54:32:30.62,2026-03-31 03:07:09,17:06:23.996240
MMGPS_U_0489,13:53:12.49,-53:55:54.61,2026-03-31 03:15:34,17:14:48.996240
MMGPS_U_0490,13:54:45.3,-53:06:54.02,2026-03-31 03:26:01,17:25:15.996240
MMGPS_U_0491,13:50:53.54,-52:29:58.81,2026-03-31 03:34:26,17:33:40.996240
MMGPS_U_0492,13:52:25.27,-51:41:06.45,2026-03-31 03:42:51,17:42:05.996240
MMGPS_U_0504,14:22:45.08,-63:33:46.91,2026-03-31 03:51:16,17:50:30.996240
MMGPS_U_0505,14:24:00.69,-62:43:27.94,2026-03-31 04:01:43,18:00:57.996240
MMGPS_U_0506,14:18:23.24,-62:10:33.57,2026-03-31 04:10:08,18:09:22.996240
MMGPS_U_0507,14:19:42.66,-61:20:23.3,2026-03-31 04:18:33,18:17:47.996240
MMGPS_U_0508,14:14:24.43,-60:46:52.07,2026-03-31 04:26:58,18:26:12.996240
MMGPS_U_0509,14:15:46.55,-59:56:50.68,2026-03-31 04:37:25,18:36:39.996240
MMGPS_U_0510,14:10:45.59,-59:22:46.28,2026-03-31 04:45:50,18:45:04.996240
MMGPS_U_0511,14:12:09.52,-58:32:53.84,2026-03-31 04:54:15,18:53:29.996240
MMGPS_U_0512,14:07:24.16,-57:58:19.41,2026-03-31 05:02:40,19:01:54.996240
MMGPS_U_0513,14:08:49.19,-57:08:35.88,2026-03-31 05:13:07,19:12:21.996240
MMGPS_U_0514,14:04:17.98,-56:33:34.15,2026-03-31 05:21:32,19:20:46.996240
MMGPS_U_0515,14:05:43.54,-55:43:59.43,2026-03-31 05:29:57,19:29:11.996240
MMGPS_U_0516,14:01:25.22,-55:08:32.76,2026-03-31 05:38:22,19:37:36.996240
MMGPS_U_0517,14:02:50.86,-54:19:06.71,2026-03-31 05:48:49,19:48:03.996240
MMGPS_U_0518,13:58:44.33,-53:43:17.14,2026-03-31 05:57:14,19:56:28.996240
MMGPS_U_0519,14:00:09.67,-52:53:59.61,2026-03-31 06:05:39,20:04:53.996240
MMGPS_U_0520,13:56:13.98,-52:17:48.94,2026-03-31 06:14:04,20:13:18.996240
MMGPS_U_0530,14:41:23.13,-65:07:35.53,2026-03-31 06:26:31,20:25:45.996240
MMGPS_U_0531,14:34:56.57,-64:37:17.35,2026-03-31 06:34:56,20:34:10.996240
MMGPS_U_0532,14:35:53.27,-63:46:38.66,2026-03-31 06:43:21,20:42:35.996240
MMGPS_U_0533,14:29:50.59,-63:15:30.58,2026-03-31 06:51:46,20:51:00.996240
MMGPS_U_0534,14:30:53.65,-62:24:59.04,2026-03-31 07:02:13,21:01:27.996240
MMGPS_U_0535,14:25:12.3,-61:53:06.47,2026-03-31 07:10:38,21:09:52.996240
MMGPS_U_0472,14:26:19.17,-65:46:52.23,2026-05-05 15:57:09,08:17:03.001880
MMGPS_U_0483,14:01:13.85,-58:12:31.69,2026-05-05 16:05:34,08:25:28.001880
MMGPS_U_0484,14:02:48.17,-57:23:05.03,2026-05-05 16:13:59,08:33:53.001880
MMGPS_U_0485,13:58:21.27,-56:47:12.58,2026-05-05 16:22:24,08:42:18.001880
MMGPS_U_0486,13:59:55.44,-55:57:54.83,2026-05-05 16:32:52,08:52:46.001880
MMGPS_U_0500,14:32:53.37,-66:18:29.25,2026-05-05 16:41:17,09:01:11.001880
MMGPS_U_0501,14:33:56.69,-65:27:54.27,2026-05-05 16:49:42,09:09:36.001880
MMGPS_U_0521,13:57:38.72,-51:28:39.73,2026-05-05 16:58:07,09:18:01.001880
MMGPS_U_0536,14:26:20.18,-61:02:42.74,2026-05-05 17:08:34,09:28:28.001880
MMGPS_U_0537,14:20:57.98,-60:30:10.27,2026-05-05 17:16:59,09:36:53.001880
MMGPS_U_0538,14:22:09.46,-59:39:54.74,2026-05-05 17:25:24,09:45:18.001880
MMGPS_U_0539,14:17:04.53,-59:06:46.31,2026-05-05 17:33:49,09:53:43.001880
MMGPS_U_0540,14:18:18.62,-58:16:39.23,2026-05-05 17:44:16,10:04:10.001880
MMGPS_U_0541,14:13:29.31,-57:42:58.21,2026-05-05 17:52:41,10:12:35.001880
MMGPS_U_0542,14:14:45.22,-56:52:59.68,2026-05-05 18:01:06,10:21:00.001880
MMGPS_U_0543,14:10:10.13,-56:18:48.99,2026-05-05 18:09:31,10:29:25.001880
MMGPS_U_0544,14:11:27.21,-55:28:59.04,2026-05-05 18:24:59,10:44:53.001880
MMGPS_U_0545,14:07:05.08,-54:54:21.21,2026-05-05 18:33:24,10:53:18.001880
MMGPS_U_0546,14:08:22.82,-54:04:39.8,2026-05-05 18:41:49,11:01:43.001880
MMGPS_U_0547,14:04:12.56,-53:29:37.05,2026-05-05 18:50:14,11:10:08.001880
MMGPS_U_0557,14:54:59.44,-66:05:01.45,2026-05-05 19:00:41,11:20:35.001880
MMGPS_U_0558,14:48:04,-65:36:51.37,2026-05-05 19:09:06,11:29:00.001880
MMGPS_U_0559,14:48:38.22,-64:45:59.28,2026-05-05 19:17:31,11:37:25.001880
MMGPS_U_0560,14:42:09.06,-64:16:49.25,2026-05-05 19:25:56,11:45:50.001880
MMGPS_U_0561,14:42:52.67,-63:26:01.69,2026-05-05 19:38:23,11:58:17.001880
MMGPS_U_0562,14:36:47.01,-62:55:58.37,2026-05-05 19:46:48,12:06:42.001880
MMGPS_U_0563,14:37:37.99,-62:05:16.65,2026-05-05 19:55:13,12:15:07.001880
MMGPS_U_0586,15:02:17.54,-65:41:04.95,2026-05-05 20:03:38,12:23:32.001880
MMGPS_U_0587,14:55:20.99,-65:14:05.61,2026-05-05 20:14:05,12:33:59.001880
MMGPS_U_0588,14:55:41.79,-64:23:08.81,2026-05-05 20:22:30,12:42:24.001880
MMGPS_U_0589,14:49:10.86,-63:55:06.16,2026-05-05 20:30:55,12:50:49.001880
MMGPS_U_0615,15:09:22.4,-65:15:56.49,2026-05-05 20:39:20,12:59:14.001880
MMGPS_U_0616,15:02:25.6,-64:50:06.63,2026-05-05 20:51:47,13:11:41.001880
MMGPS_U_0643,15:16:32.2,-65:40:35.26,2026-05-05 21:00:12,13:20:06.001880
MMGPS_U_0644,15:16:14.07,-64:49:39.69,2026-05-05 21:08:37,13:28:31.001880
MMGPS_U_0671,15:30:42.86,-65:35:25.41,2026-05-05 21:17:02,13:36:56.001880
MMGPS_U_0728,15:44:44.62,-65:25:41.31,2026-05-05 21:29:29,13:49:23.001880
MMGPS_U_0756,15:58:32.97,-65:11:31.44,2026-05-05 21:37:54,13:57:48.001880
MMGPS_U_0784,16:06:15.4,-65:27:37.12,2026-05-05 21:46:19,14:06:13.001880
MMGPS_U_0812,16:19:47.35,-65:06:49.35,2026-05-05 21:54:44,14:14:38.001880
MMGPS_U_1044,16:57:47.29,-60:02:03.96,2026-05-05 22:05:11,14:25:05.001880
MMGPS_U_1364,17:29:26.43,-52:22:23.48,2026-05-05 22:13:36,14:33:30.001880
MMGPS_U_1567,17:48:08.98,-47:20:11.7,2026-05-05 22:22:01,14:41:55.001880
MMGPS_U_1596,17:50:34.17,-46:36:25.36,2026-05-05 22:30:26,14:50:20.001880
MMGPS_U_1799,18:06:08.75,-41:26:54.85,2026-05-05 22:42:53,15:02:47.001880
MMGPS_U_1914,18:18:29.7,-38:25:31.59,2026-05-05 22:51:18,15:11:12.001880
MMGPS_U_2001,18:24:03.54,-36:10:25.25,2026-05-05 22:59:43,15:19:37.001880
MMGPS_U_2176,18:30:34.72,-31:42:37,2026-05-05 23:08:08,15:28:02.001880
MMGPS_U_2262,18:39:32.65,-29:23:07.22,2026-05-05 23:18:35,15:38:29.001880
MMGPS_U_2379,18:42:13.28,-26:25:19.73,2026-05-05 23:27:00,15:46:54.001880
MMGPS_U_0548,14:05:30.53,-52:40:04.1,2026-05-05 15:57:09,08:17:03.001880
MMGPS_U_0549,14:01:31.17,-52:04:38.37,2026-05-05 16:05:34,08:25:28.001880
MMGPS_U_0550,14:02:49.02,-51:15:13.76,2026-05-05 16:13:59,08:33:53.001880
MMGPS_U_0564,14:31:53.42,-61:34:25.69,2026-05-05 16:22:24,08:42:18.001880
MMGPS_U_0565,14:32:50.14,-60:43:50.72,2026-05-05 16:32:52,08:52:46.001880
MMGPS_U_0566,14:27:24.58,-60:12:16.97,2026-05-05 16:41:17,09:01:11.001880
MMGPS_U_0567,14:28:25.71,-59:21:49.38,2026-05-05 16:49:42,09:09:36.001880
MMGPS_U_0568,14:23:17.34,-58:49:36.97,2026-05-05 16:58:07,09:18:01.001880
MMGPS_U_0569,14:24:21.83,-57:59:17.19,2026-05-05 17:08:34,09:28:28.001880
MMGPS_U_0570,14:19:29.05,-57:26:29.71,2026-05-05 17:16:59,09:36:53.001880
MMGPS_U_0571,14:20:36.04,-56:36:18,2026-05-05 17:25:24,09:45:18.001880
MMGPS_U_0572,14:15:57.47,-56:02:58.54,2026-05-05 17:33:49,09:53:43.001880
MMGPS_U_0573,14:17:06.25,-55:12:55.06,2026-05-05 17:44:16,10:04:10.001880
MMGPS_U_0574,14:12:40.65,-54:39:06.33,2026-05-05 17:52:41,10:12:35.001880
MMGPS_U_0575,14:13:50.63,-53:49:11.15,2026-05-05 18:01:06,10:21:00.001880
MMGPS_U_0576,14:09:36.95,-53:14:55.51,2026-05-05 18:09:31,10:29:25.001880
MMGPS_U_0577,14:10:47.66,-52:25:08.63,2026-05-05 18:24:59,10:44:53.001880
MMGPS_U_0578,14:06:44.94,-51:50:28.17,2026-05-05 18:33:24,10:53:18.001880
MMGPS_U_0579,14:07:55.97,-51:00:49.55,2026-05-05 18:41:49,11:01:43.001880
MMGPS_U_0590,14:49:42,-63:04:12.11,2026-05-05 18:50:14,11:10:08.001880
MMGPS_U_0591,14:43:34.11,-62:35:13.01,2026-05-05 19:00:41,11:20:35.001880
MMGPS_U_0592,14:44:13.49,-61:44:23.33,2026-05-05 19:09:06,11:29:00.001880
MMGPS_U_0593,14:38:26.37,-61:14:33.65,2026-05-05 19:17:31,11:37:25.001880
MMGPS_U_0594,14:39:12.31,-60:23:49.54,2026-05-05 19:25:56,11:45:50.001880
MMGPS_U_0595,14:33:43.97,-59:53:14.31,2026-05-05 19:38:23,11:58:17.001880
MMGPS_U_0617,15:02:33.74,-63:59:07.41,2026-05-05 19:46:48,12:06:42.001880
MMGPS_U_0618,14:56:01.83,-63:32:11.18,2026-05-05 19:55:13,12:15:07.001880
MMGPS_U_0619,14:56:21.12,-62:41:12.83,2026-05-05 20:03:38,12:23:32.001880
MMGPS_U_0620,14:50:11.69,-62:13:17.25,2026-05-05 20:14:05,12:33:59.001880
MMGPS_U_0645,15:09:17.81,-64:24:57.89,2026-05-05 20:22:30,12:42:24.001880
MMGPS_U_0646,15:09:14.07,-63:33:58.31,2026-05-05 20:30:55,12:50:49.001880
MMGPS_U_0647,15:02:41.88,-63:08:07.41,2026-05-05 20:39:20,12:59:14.001880
MMGPS_U_0672,15:23:22.45,-65:13:09.85,2026-05-05 20:51:47,13:11:41.001880
MMGPS_U_0673,15:22:52.69,-64:22:18.07,2026-05-05 21:00:12,13:20:06.001880
MMGPS_U_0700,15:37:16.37,-65:05:50.06,2026-05-05 21:08:37,13:28:31.001880
MMGPS_U_0701,15:29:58.97,-64:44:41.41,2026-05-05 21:17:02,13:36:56.001880
MMGPS_U_0757,15:50:59.65,-64:54:04.08,2026-05-05 21:29:29,13:49:23.001880
MMGPS_U_0785,16:04:28.22,-64:38:01.16,2026-05-05 21:37:54,13:57:48.001880
MMGPS_U_0813,16:12:03.96,-64:53:06.51,2026-05-05 21:46:19,14:06:13.001880
MMGPS_U_0841,16:25:14.23,-64:30:39.04,2026-05-05 21:54:44,14:14:38.001880
MMGPS_U_1131,17:09:18.56,-58:00:35.38,2026-05-05 22:05:11,14:25:05.001880
MMGPS_U_1393,17:32:19.66,-51:39:44.39,2026-05-05 22:13:36,14:33:30.001880
MMGPS_U_1568,17:45:37.98,-46:36:19.65,2026-05-05 22:22:01,14:41:55.001880
MMGPS_U_1684,17:55:02.96,-43:41:01.8,2026-05-05 22:30:26,14:50:20.001880
MMGPS_U_1828,18:08:12.26,-40:42:19.82,2026-05-05 22:42:53,15:02:47.001880
MMGPS_U_1915,18:14:10.37,-38:28:08.51,2026-05-05 22:51:18,15:11:12.001880
MMGPS_U_2031,18:21:42.56,-35:28:22.12,2026-05-05 22:59:43,15:19:37.001880
MMGPS_U_2177,18:28:20.59,-31:00:34.16,2026-05-05 23:08:08,15:28:02.001880
MMGPS_U_2263,18:35:39.78,-29:26:46.07,2026-05-05 23:18:35,15:38:29.001880
MMGPS_U_2380,18:40:04.38,-25:43:29.7,2026-05-05 23:27:00,15:46:54.001880
MMGPS_U_0596,14:34:35.09,-59:02:36.63,2026-05-05 15:57:09,08:17:03.001880
MMGPS_U_0597,14:29:23.78,-58:31:20.17,2026-05-05 16:05:34,08:25:28.001880
MMGPS_U_0598,14:30:18.95,-57:40:49.54,2026-05-05 16:13:59,08:33:53.001880
MMGPS_U_0599,14:25:23.14,-57:08:55.62,2026-05-05 16:22:24,08:42:18.001880
MMGPS_U_0600,14:26:21.44,-56:18:32.47,2026-05-05 16:32:52,08:52:46.001880
MMGPS_U_0601,14:21:39.78,-55:46:04.34,2026-05-05 16:41:17,09:01:11.001880
MMGPS_U_0602,14:22:40.43,-54:55:48.97,2026-05-05 16:49:42,09:09:36.001880
MMGPS_U_0603,14:18:11.74,-54:22:49.49,2026-05-05 16:58:07,09:18:01.001880
MMGPS_U_0604,14:19:14.11,-53:32:42.07,2026-05-05 17:08:34,09:28:28.001880
MMGPS_U_0605,14:14:57.33,-52:59:13.75,2026-05-05 17:16:59,09:36:53.001880
MMGPS_U_0606,14:16:00.89,-52:09:14.4,2026-05-05 17:25:24,09:45:18.001880
MMGPS_U_0607,14:11:55.09,-51:35:19.43,2026-05-05 17:33:49,09:53:43.001880
MMGPS_U_0608,14:12:59.41,-50:45:28.18,2026-05-05 17:44:16,10:04:10.001880
MMGPS_U_0621,14:50:40,-61:22:21.71,2026-05-05 17:52:41,10:12:35.001880
MMGPS_U_0622,14:44:50.94,-60:53:32.8,2026-05-05 18:01:06,10:21:00.001880
MMGPS_U_0623,14:45:26.54,-60:02:41.53,2026-05-05 18:09:31,10:29:25.001880
MMGPS_U_0624,14:39:55.96,-59:33:04.47,2026-05-05 18:24:59,10:44:53.001880
MMGPS_U_0625,14:40:37.42,-58:42:18.58,2026-05-05 18:33:24,10:53:18.001880
MMGPS_U_0626,14:35:23.66,-58:11:57.86,2026-05-05 18:41:49,11:01:43.001880
MMGPS_U_0627,14:36:09.79,-57:21:18.16,2026-05-05 18:50:14,11:10:08.001880
MMGPS_U_0628,14:31:11.39,-56:50:17.68,2026-05-05 19:02:41,11:22:35.001880
MMGPS_U_0629,14:32:01.23,-55:59:44.77,2026-05-05 19:11:06,11:31:00.001880
MMGPS_U_0648,15:02:49.96,-62:17:06.77,2026-05-05 19:19:31,11:39:25.001880
MMGPS_U_0649,14:56:39.64,-61:50:13.86,2026-05-05 19:27:56,11:47:50.001880
MMGPS_U_0650,14:56:57.4,-60:59:14.39,2026-05-05 19:38:23,11:58:17.001880
MMGPS_U_0651,14:51:06.98,-60:31:25.6,2026-05-05 19:46:48,12:06:42.001880
MMGPS_U_0652,14:51:32.67,-59:40:29.03,2026-05-05 19:55:13,12:15:07.001880
MMGPS_U_0674,15:15:57.68,-63:58:42.78,2026-05-05 20:03:38,12:23:32.001880
MMGPS_U_0675,15:15:42.81,-63:07:44.72,2026-05-05 20:14:05,12:33:59.001880
MMGPS_U_0676,15:09:11.01,-62:42:57.91,2026-05-05 20:22:30,12:42:24.001880
MMGPS_U_0677,15:09:08.51,-61:51:56.8,2026-05-05 20:30:55,12:50:49.001880
MMGPS_U_0702,15:29:18.46,-63:53:55.08,2026-05-05 20:39:20,12:59:14.001880
MMGPS_U_0703,15:22:25.33,-63:31:24.64,2026-05-05 20:51:47,13:11:41.001880
MMGPS_U_0729,15:43:35.88,-64:35:17.29,2026-05-05 21:00:12,13:20:06.001880
MMGPS_U_0730,15:36:22.05,-64:15:13.47,2026-05-05 21:08:37,13:28:31.001880
MMGPS_U_0758,15:49:41.82,-64:03:50.52,2026-05-05 21:17:02,13:36:56.001880
MMGPS_U_0786,15:57:00.68,-64:21:35.15,2026-05-05 21:29:29,13:49:23.001880
MMGPS_U_0814,16:10:09.72,-64:03:44.89,2026-05-05 21:37:54,13:57:48.001880
MMGPS_U_0842,16:17:38.56,-64:17:52.51,2026-05-05 21:46:19,14:06:13.001880
MMGPS_U_0870,16:30:27.78,-63:53:50.94,2026-05-05 21:54:44,14:14:38.001880
MMGPS_U_1160,17:12:53.37,-57:19:26.72,2026-05-05 22:05:11,14:25:05.001880
MMGPS_U_1422,17:35:08.22,-50:56:53.84,2026-05-05 22:13:36,14:33:30.001880
MMGPS_U_1597,17:48:03.86,-45:52:41.46,2026-05-05 22:22:01,14:41:55.001880
MMGPS_U_1712,17:59:44.27,-43:40:09.59,2026-05-05 22:30:26,14:50:20.001880
MMGPS_U_1829,18:05:48.26,-39:59:29.52,2026-05-05 22:42:53,15:02:47.001880
MMGPS_U_1944,18:16:05.94,-37:43:16.92,2026-05-05 22:51:18,15:11:12.001880
MMGPS_U_2060,18:23:31.68,-34:43:17.93,2026-05-05 22:59:43,15:19:37.001880
MMGPS_U_2205,18:32:17.47,-30:57:21.66,2026-05-05 23:08:08,15:28:02.001880
MMGPS_U_2292,18:37:19.47,-28:41:26.15,2026-05-05 23:18:35,15:38:29.001880
MMGPS_U_2408,18:43:49.64,-25:39:55.85,2026-05-05 23:27:00,15:46:54.001880
MMGPS_U_0630,14:27:16.88,-55:28:07.96,2026-05-05 15:57:09,08:17:03.001880
MMGPS_U_0631,14:28:09.6,-54:37:42.27,2026-05-05 16:05:34,08:25:28.001880
MMGPS_U_0632,14:23:38.15,-54:05:32.1,2026-05-05 16:13:59,08:33:53.001880
MMGPS_U_0633,14:24:33.08,-53:15:13.94,2026-05-05 16:22:24,08:42:18.001880
MMGPS_U_0634,14:20:13.51,-52:42:33.04,2026-05-05 16:32:52,08:52:46.001880
MMGPS_U_0635,14:21:10.07,-51:52:22.62,2026-05-05 16:41:17,09:01:11.001880
MMGPS_U_0636,14:17:01.47,-51:19:13.33,2026-05-05 16:49:42,09:09:36.001880
MMGPS_U_0637,14:17:59.19,-50:29:10.78,2026-05-05 16:58:07,09:18:01.001880
MMGPS_U_0653,14:46:00.38,-59:11:49.67,2026-05-05 17:08:34,09:28:28.001880
MMGPS_U_0654,14:46:32.54,-58:20:57.34,2026-05-05 17:16:59,09:36:53.001880
MMGPS_U_0655,14:41:16.8,-57:51:32.02,2026-05-05 17:25:24,09:45:18.001880
MMGPS_U_0656,14:41:54.21,-57:00:44.93,2026-05-05 17:33:49,09:53:43.001880
MMGPS_U_0657,14:36:53.63,-56:30:37.69,2026-05-05 17:44:16,10:04:10.001880
MMGPS_U_0658,14:37:35.26,-55:39:56.62,2026-05-05 17:52:41,10:12:35.001880
MMGPS_U_0659,14:32:48.59,-55:09:10.99,2026-05-05 18:01:06,10:21:00.001880
MMGPS_U_0660,14:33:33.6,-54:18:36.51,2026-05-05 18:09:31,10:29:25.001880
MMGPS_U_0661,14:28:59.74,-53:47:15.6,2026-05-05 18:24:59,10:44:53.001880
MMGPS_U_0662,14:29:47.4,-52:56:48.15,2026-05-05 18:33:24,10:53:18.001880
MMGPS_U_0663,14:25:25.34,-52:24:54.7,2026-05-05 18:41:49,11:01:43.001880
MMGPS_U_0664,14:26:15.06,-51:34:34.59,2026-05-05 18:50:14,11:10:08.001880
MMGPS_U_0665,14:22:03.92,-51:02:11.03,2026-05-05 19:02:41,11:22:35.001880
MMGPS_U_0678,15:02:57.89,-61:26:05.58,2026-05-05 19:11:06,11:31:00.001880
MMGPS_U_0679,15:03:05.65,-60:35:03.97,2026-05-05 19:19:31,11:39:25.001880
MMGPS_U_0680,14:57:14.4,-60:08:14.53,2026-05-05 19:27:56,11:47:50.001880
MMGPS_U_0681,14:57:30.64,-59:17:14.4,2026-05-05 19:38:23,11:58:17.001880
MMGPS_U_0682,14:51:57.12,-58:49:32.14,2026-05-05 19:46:48,12:06:42.001880
MMGPS_U_0683,14:52:20.36,-57:58:35.03,2026-05-05 19:55:13,12:15:07.001880
MMGPS_U_0704,15:22:00.08,-62:40:29.76,2026-05-05 20:03:38,12:23:32.001880
MMGPS_U_0705,15:15:29.25,-62:16:45.67,2026-05-05 20:14:05,12:33:59.001880
MMGPS_U_0706,15:15:16.81,-61:25:45.78,2026-05-05 20:22:30,12:42:24.001880
MMGPS_U_0707,15:09:06.44,-61:00:55.14,2026-05-05 20:30:55,12:50:49.001880
MMGPS_U_0731,15:35:31.64,-63:24:34.01,2026-05-05 20:39:20,12:59:14.001880
MMGPS_U_0732,15:28:40.93,-63:03:06.68,2026-05-05 20:51:47,13:11:41.001880
MMGPS_U_0759,15:42:32.03,-63:44:49.39,2026-05-05 21:00:12,13:20:06.001880
MMGPS_U_0760,15:41:32.54,-62:54:18.04,2026-05-05 21:08:37,13:28:31.001880
MMGPS_U_0787,15:55:34.63,-63:31:32.99,2026-05-05 21:17:02,13:36:56.001880
MMGPS_U_0815,16:02:48.25,-63:48:17.79,2026-05-05 21:29:29,13:49:23.001880
MMGPS_U_0843,16:15:38.1,-63:28:45.66,2026-05-05 21:37:54,13:57:48.001880
MMGPS_U_0871,16:22:59.9,-63:41:58.09,2026-05-05 21:46:19,14:06:13.001880
MMGPS_U_0899,16:35:28.71,-63:16:27.68,2026-05-05 21:54:44,14:14:38.001880
MMGPS_U_1219,17:13:40.46,-55:52:19.36,2026-05-05 22:05:11,14:25:05.001880
MMGPS_U_1423,17:32:34.49,-50:12:15.75,2026-05-05 22:13:36,14:33:30.001880
MMGPS_U_1626,17:50:26.54,-45:08:55.46,2026-05-05 22:22:01,14:41:55.001880
MMGPS_U_1713,17:57:16.99,-42:56:54.97,2026-05-05 22:30:26,14:50:20.001880
MMGPS_U_1858,18:07:50.46,-39:14:55.29,2026-05-05 22:42:53,15:02:47.001880
MMGPS_U_1945,18:13:45.29,-37:00:46.44,2026-05-05 22:51:18,15:11:12.001880
MMGPS_U_2061,18:21:14.34,-34:01:03.14,2026-05-05 22:59:43,15:19:37.001880
MMGPS_U_2206,18:30:04.12,-30:15:21.26,2026-05-05 23:08:08,15:28:02.001880
MMGPS_U_2293,18:35:08.39,-27:59:31.83,2026-05-05 23:18:35,15:38:29.001880
MMGPS_U_2409,18:41:41.45,-24:58:06.88,2026-05-05 23:27:00,15:46:54.001880
MMGPS_U_0666,14:22:55.18,-50:11:58.48,2026-05-05 15:57:09,08:17:03.001880
MMGPS_U_0684,14:47:03.08,-57:30:04.67,2026-05-05 16:05:34,08:25:28.001880
MMGPS_U_0685,14:47:32.07,-56:39:11.79,2026-05-05 16:13:59,08:33:53.001880
MMGPS_U_0686,14:42:29.72,-56:09:57.46,2026-05-05 16:22:24,08:42:18.001880
MMGPS_U_0687,14:43:03.42,-55:19:09.75,2026-05-05 16:32:52,08:52:46.001880
MMGPS_U_0688,14:38:14.8,-54:49:15.1,2026-05-05 16:41:17,09:01:11.001880
MMGPS_U_0689,14:38:52.32,-53:58:33.27,2026-05-05 16:49:42,09:09:36.001880
MMGPS_U_0690,14:34:16.36,-53:28:01.5,2026-05-05 16:58:07,09:18:01.001880
MMGPS_U_0691,14:34:56.95,-52:37:26.13,2026-05-05 17:08:34,09:28:28.001880
MMGPS_U_0692,14:30:32.7,-52:06:20.08,2026-05-05 17:16:59,09:36:53.001880
MMGPS_U_0693,14:31:15.73,-51:15:51.58,2026-05-05 17:25:24,09:45:18.001880
MMGPS_U_0694,14:27:02.33,-50:44:13.78,2026-05-05 17:33:49,09:53:43.001880
MMGPS_U_0695,14:27:47.26,-49:53:52.48,2026-05-05 17:44:16,10:04:10.001880
MMGPS_U_0708,15:09:04.72,-60:09:53.04,2026-05-05 17:52:41,10:12:35.001880
MMGPS_U_0709,15:03:13.16,-59:44:02.06,2026-05-05 18:01:06,10:21:00.001880
MMGPS_U_0710,15:03:20.39,-58:52:59.97,2026-05-05 18:09:31,10:29:25.001880
MMGPS_U_0711,14:57:46.11,-58:26:14.11,2026-05-05 18:24:59,10:44:53.001880
MMGPS_U_0712,14:58:00.8,-57:35:13.78,2026-05-05 18:33:24,10:53:18.001880
MMGPS_U_0713,14:52:42.41,-57:07:37.83,2026-05-05 18:41:49,11:01:43.001880
MMGPS_U_0714,14:53:03.31,-56:16:40.66,2026-05-05 18:50:14,11:10:08.001880
MMGPS_U_0715,14:47:59.56,-55:48:18.83,2026-05-05 19:02:41,11:22:35.001880
MMGPS_U_0716,14:48:25.6,-54:57:25.92,2026-05-05 19:11:06,11:31:00.001880
MMGPS_U_0717,14:43:35.37,-54:28:21.93,2026-05-05 19:19:31,11:39:25.001880
MMGPS_U_0718,14:44:05.64,-53:37:34.15,2026-05-05 19:27:56,11:47:50.001880
MMGPS_U_0733,15:28:06.04,-62:12:16.47,2026-05-05 19:38:23,11:58:17.001880
MMGPS_U_0734,15:21:36.7,-61:49:33.65,2026-05-05 19:46:48,12:06:42.001880
MMGPS_U_0735,15:21:14.94,-60:58:36.48,2026-05-05 19:55:13,12:15:07.001880
MMGPS_U_0736,15:15:05.33,-60:34:45.22,2026-05-05 20:03:38,12:23:32.001880
MMGPS_U_0737,15:14:54.66,-59:43:44.13,2026-05-05 20:14:05,12:33:59.001880
MMGPS_U_0738,15:09:03.24,-59:18:50.64,2026-05-05 20:22:30,12:42:24.001880
MMGPS_U_0761,15:34:44.72,-62:33:52.01,2026-05-05 20:30:55,12:50:49.001880
MMGPS_U_0762,15:34:00.9,-61:43:07.79,2026-05-05 20:39:20,12:59:14.001880
MMGPS_U_0763,15:27:33.5,-61:21:24.71,2026-05-05 20:51:47,13:11:41.001880
MMGPS_U_0788,15:48:29.27,-63:13:32.4,2026-05-05 21:00:12,13:20:06.001880
MMGPS_U_0789,15:47:21.47,-62:23:10.23,2026-05-05 21:08:37,13:28:31.001880
MMGPS_U_0816,16:01:14.79,-62:58:27.78,2026-05-05 21:17:02,13:36:56.001880
MMGPS_U_0844,16:08:22.9,-63:14:15.04,2026-05-05 21:29:29,13:49:23.001880
MMGPS_U_0872,16:20:53.95,-62:53:06.29,2026-05-05 21:37:54,13:57:48.001880
MMGPS_U_0900,16:28:08.64,-63:05:25.99,2026-05-05 21:46:19,14:06:13.001880
MMGPS_U_0928,16:40:17.72,-62:38:31.74,2026-05-05 21:54:44,14:14:38.001880
MMGPS_U_1248,17:17:01.3,-55:10:49.7,2026-05-05 22:05:11,14:25:05.001880
MMGPS_U_1451,17:37:52.34,-50:13:52.51,2026-05-05 22:13:36,14:33:30.001880
MMGPS_U_1627,17:45:37.89,-45:08:41.07,2026-05-05 22:22:01,14:41:55.001880
MMGPS_U_1714,17:52:38.84,-42:57:24.13,2026-05-05 22:30:26,14:50:20.001880
MMGPS_U_1887,18:09:50.63,-38:30:16.52,2026-05-05 22:42:53,15:02:47.001880
MMGPS_U_1973,18:17:59.77,-36:58:21.84,2026-05-05 22:51:18,15:11:12.001880
MMGPS_U_2089,18:25:19.38,-33:58:11.12,2026-05-05 22:59:43,15:19:37.001880
MMGPS_U_2207,18:26:08.76,-30:18:18.01,2026-05-05 23:08:08,15:28:02.001880
MMGPS_U_2321,18:38:58.24,-27:56:05.02,2026-05-05 23:18:35,15:38:29.001880
MMGPS_U_2410,18:37:57.31,-25:01:27.85,2026-05-05 23:27:00,15:46:54.001880
MMGPS_U_0719,14:39:27.9,-53:07:51.3,2026-05-05 15:57:09,08:17:03.001880
MMGPS_U_0720,14:40:01.62,-52:17:09.34,2026-05-05 16:05:34,08:25:28.001880
MMGPS_U_0721,14:35:35.47,-51:46:50.56,2026-05-05 16:13:59,08:33:53.001880
MMGPS_U_0722,14:36:11.98,-50:56:14.94,2026-05-05 16:22:24,08:42:18.001880
MMGPS_U_0723,14:31:56.58,-50:25:22.83,2026-05-05 16:32:52,08:52:46.001880
MMGPS_U_0724,14:32:35.32,-49:34:53.99,2026-05-05 16:41:17,09:01:11.001880
MMGPS_U_0739,15:09:01.92,-58:27:48.06,2026-05-05 16:49:42,09:09:36.001880
MMGPS_U_0740,15:03:27.3,-58:01:57.81,2026-05-05 16:58:07,09:18:01.001880
MMGPS_U_0741,15:03:33.84,-57:10:55.7,2026-05-05 17:08:34,09:28:28.001880
MMGPS_U_0742,14:58:14.72,-56:44:13.53,2026-05-05 17:16:59,09:36:53.001880
MMGPS_U_0743,14:58:27.87,-55:53:13.47,2026-05-05 17:25:24,09:45:18.001880
MMGPS_U_0744,14:53:23.08,-55:25:43.63,2026-05-05 17:33:49,09:53:43.001880
MMGPS_U_0745,14:53:41.75,-54:34:46.88,2026-05-05 17:44:16,10:04:10.001880
MMGPS_U_0746,14:48:50.23,-54:06:33.18,2026-05-05 17:52:41,10:12:35.001880
MMGPS_U_0747,14:49:13.49,-53:15:40.75,2026-05-05 18:01:06,10:21:00.001880
MMGPS_U_0748,14:44:34.28,-52:46:46.54,2026-05-05 18:09:31,10:29:25.001880
MMGPS_U_0749,14:45:01.34,-51:55:59.24,2026-05-05 18:24:59,10:44:53.001880
MMGPS_U_0750,14:40:33.55,-51:26:27.52,2026-05-05 18:33:24,10:53:18.001880
MMGPS_U_0751,14:41:03.73,-50:35:46.01,2026-05-05 18:41:49,11:01:43.001880
MMGPS_U_0752,14:36:46.57,-50:05:39.45,2026-05-05 18:50:14,11:10:08.001880
MMGPS_U_0753,14:37:19.29,-49:15:04.24,2026-05-05 19:02:41,11:22:35.001880
MMGPS_U_0764,15:27:03.05,-60:30:31.62,2026-05-05 19:11:06,11:31:00.001880
MMGPS_U_0765,15:20:54.62,-60:07:38.46,2026-05-05 19:19:31,11:39:25.001880
MMGPS_U_0766,15:20:35.53,-59:16:39.74,2026-05-05 19:27:56,11:47:50.001880
MMGPS_U_0767,15:14:44.68,-58:52:42.66,2026-05-05 19:38:23,11:58:17.001880
MMGPS_U_0768,15:14:35.26,-58:01:40.96,2026-05-05 19:46:48,12:06:42.001880
MMGPS_U_0769,15:09:00.69,-57:36:45.44,2026-05-05 19:55:13,12:15:07.001880
MMGPS_U_0770,15:08:59.47,-56:45:42.9,2026-05-05 20:03:38,12:23:32.001880
MMGPS_U_0790,15:40:36.95,-62:03:43.64,2026-05-05 20:14:05,12:33:59.001880
MMGPS_U_0791,15:39:44.87,-61:13:06.55,2026-05-05 20:22:30,12:42:24.001880
MMGPS_U_0792,15:33:19.85,-60:52:21.63,2026-05-05 20:30:55,12:50:49.001880
MMGPS_U_0793,15:32:41.27,-60:01:33.81,2026-05-05 20:39:20,12:59:14.001880
MMGPS_U_0817,15:54:14.19,-62:41:25.58,2026-05-05 20:51:47,13:11:41.001880
MMGPS_U_0818,15:52:58.81,-61:51:13.47,2026-05-05 21:00:12,13:20:06.001880
MMGPS_U_0819,15:46:17.94,-61:32:44.45,2026-05-05 21:08:37,13:28:31.001880
MMGPS_U_0845,16:06:42.78,-62:24:37.79,2026-05-05 21:17:02,13:36:56.001880
MMGPS_U_0873,16:13:45.17,-62:39:29.77,2026-05-05 21:29:29,13:49:23.001880
MMGPS_U_0901,16:25:57.89,-62:16:49.4,2026-05-05 21:37:54,13:57:48.001880
MMGPS_U_0929,16:33:05.42,-62:28:18.75,2026-05-05 21:46:19,14:06:13.001880
MMGPS_U_0957,16:44:55.47,-62:00:05.37,2026-05-05 21:54:44,14:14:38.001880
MMGPS_U_1277,17:20:16,-54:29:04.35,2026-05-05 22:05:11,14:25:05.001880
MMGPS_U_1452,17:35:19.04,-49:29:24.36,2026-05-05 22:13:36,14:33:30.001880
MMGPS_U_1656,17:48:01.16,-44:25:02.96,2026-05-05 22:22:01,14:41:55.001880
MMGPS_U_1742,17:59:28.4,-42:12:41.97,2026-05-05 22:30:26,14:50:20.001880
MMGPS_U_1888,18:05:30.56,-38:31:54.96,2026-05-05 22:42:53,15:02:47.001880
MMGPS_U_1974,18:15:39.96,-36:15:55.65,2026-05-05 22:51:18,15:11:12.001880
MMGPS_U_2090,18:23:02.86,-33:15:59.67,2026-05-05 22:59:43,15:19:37.001880
MMGPS_U_2235,18:31:46.55,-29:30:06.46,2026-05-05 23:08:08,15:28:02.001880
MMGPS_U_2322,18:36:47.9,-27:14:12.32,2026-05-05 23:18:35,15:38:29.001880
MMGPS_U_2436,18:49:08.84,-24:50:41.85,2026-05-05 23:27:00,15:46:54.001880
